"filename", "language", "C++", "Batch", "C", "comment", "blank", "total"
"e:\VS-Code\VS-Code-C-and-Cpp\ACM\1000.c", "C", 0, 0, 6, 0, 0, 6
"e:\VS-Code\VS-Code-C-and-Cpp\ACM\1001.c", "C", 0, 0, 6, 0, 0, 6
"e:\VS-Code\VS-Code-C-and-Cpp\ACM\1002.c", "C", 0, 0, 6, 0, 0, 6
"e:\VS-Code\VS-Code-C-and-Cpp\ACM\1003.c", "C", 0, 0, 10, 0, 0, 10
"e:\VS-Code\VS-Code-C-and-Cpp\ACM\1004.c", "C", 0, 0, 6, 0, 0, 6
"e:\VS-Code\VS-Code-C-and-Cpp\ACM\1005.c", "C", 0, 0, 6, 0, 0, 6
"e:\VS-Code\VS-Code-C-and-Cpp\ACM\1006.c", "C", 0, 0, 6, 0, 0, 6
"e:\VS-Code\VS-Code-C-and-Cpp\ACM\1007.c", "C", 0, 0, 7, 0, 0, 7
"e:\VS-Code\VS-Code-C-and-Cpp\ACM\1008.c", "C", 0, 0, 8, 0, 0, 8
"e:\VS-Code\VS-Code-C-and-Cpp\ACM\1009.c", "C", 0, 0, 10, 0, 0, 10
"e:\VS-Code\VS-Code-C-and-Cpp\ACM\1010.c", "C", 0, 0, 10, 0, 0, 10
"e:\VS-Code\VS-Code-C-and-Cpp\ACM\1011.c", "C", 0, 0, 13, 0, 0, 13
"e:\VS-Code\VS-Code-C-and-Cpp\ACM\1012.c", "C", 0, 0, 11, 0, 0, 11
"e:\VS-Code\VS-Code-C-and-Cpp\ACM\1013.c", "C", 0, 0, 10, 0, 0, 10
"e:\VS-Code\VS-Code-C-and-Cpp\ACM\1014.c", "C", 0, 0, 5, 0, 0, 5
"e:\VS-Code\VS-Code-C-and-Cpp\ACM\1015.c", "C", 0, 0, 5, 0, 0, 5
"e:\VS-Code\VS-Code-C-and-Cpp\ACM\1016.c", "C", 0, 0, 10, 0, 1, 11
"e:\VS-Code\VS-Code-C-and-Cpp\ACM\1017.c", "C", 0, 0, 10, 0, 1, 11
"e:\VS-Code\VS-Code-C-and-Cpp\ACM\1018.c", "C", 0, 0, 8, 0, 0, 8
"e:\VS-Code\VS-Code-C-and-Cpp\ACM\1019.c", "C", 0, 0, 11, 0, 1, 12
"e:\VS-Code\VS-Code-C-and-Cpp\ACM\1020.c", "C", 0, 0, 20, 0, 1, 21
"e:\VS-Code\VS-Code-C-and-Cpp\ACM\1021.c", "C", 0, 0, 9, 0, 1, 10
"e:\VS-Code\VS-Code-C-and-Cpp\ACM\1022.c", "C", 0, 0, 10, 0, 0, 10
"e:\VS-Code\VS-Code-C-and-Cpp\ACM\1023.c", "C", 0, 0, 11, 0, 2, 13
"e:\VS-Code\VS-Code-C-and-Cpp\ACM\1024.c", "C", 0, 0, 11, 0, 1, 12
"e:\VS-Code\VS-Code-C-and-Cpp\ACM\1025.c", "C", 0, 0, 13, 0, 2, 15
"e:\VS-Code\VS-Code-C-and-Cpp\ACM\1026.c", "C", 0, 0, 11, 0, 1, 12
"e:\VS-Code\VS-Code-C-and-Cpp\ACM\1027.c", "C", 0, 0, 11, 0, 2, 13
"e:\VS-Code\VS-Code-C-and-Cpp\ACM\1028.c", "C", 0, 0, 11, 0, 2, 13
"e:\VS-Code\VS-Code-C-and-Cpp\ACM\1029.c", "C", 0, 0, 15, 0, 2, 17
"e:\VS-Code\VS-Code-C-and-Cpp\ACM\1030.c", "C", 0, 0, 15, 0, 2, 17
"e:\VS-Code\VS-Code-C-and-Cpp\ACM\1031.c", "C", 0, 0, 12, 0, 1, 13
"e:\VS-Code\VS-Code-C-and-Cpp\ACM\1032.c", "C", 0, 0, 17, 0, 1, 18
"e:\VS-Code\VS-Code-C-and-Cpp\ACM\1033.c", "C", 0, 0, 13, 0, 1, 14
"e:\VS-Code\VS-Code-C-and-Cpp\ACM\1034.c", "C", 0, 0, 26, 0, 0, 26
"e:\VS-Code\VS-Code-C-and-Cpp\ACM\1035.c", "C", 0, 0, 16, 0, 0, 16
"e:\VS-Code\VS-Code-C-and-Cpp\ACM\1036.c", "C", 0, 0, 28, 0, 1, 29
"e:\VS-Code\VS-Code-C-and-Cpp\ACM\1037.c", "C", 0, 0, 17, 0, 1, 18
"e:\VS-Code\VS-Code-C-and-Cpp\ACM\1038.c", "C", 0, 0, 15, 0, 1, 16
"e:\VS-Code\VS-Code-C-and-Cpp\ACM\1039.c", "C", 0, 0, 31, 0, 0, 31
"e:\VS-Code\VS-Code-C-and-Cpp\ACM\1040.c", "C", 0, 0, 22, 0, 0, 22
"e:\VS-Code\VS-Code-C-and-Cpp\ACM\1041.c", "C", 0, 0, 11, 0, 0, 11
"e:\VS-Code\VS-Code-C-and-Cpp\ACM\1042.c", "C", 0, 0, 16, 0, 0, 16
"e:\VS-Code\VS-Code-C-and-Cpp\ACM\1043.c", "C", 0, 0, 10, 0, 0, 10
"e:\VS-Code\VS-Code-C-and-Cpp\ACM\1044.c", "C", 0, 0, 10, 0, 1, 11
"e:\VS-Code\VS-Code-C-and-Cpp\ACM\1045.c", "C", 0, 0, 20, 0, 1, 21
"e:\VS-Code\VS-Code-C-and-Cpp\ACM\1046.c", "C", 0, 0, 14, 0, 0, 14
"e:\VS-Code\VS-Code-C-and-Cpp\ACM\1047.c", "C", 0, 0, 13, 0, 0, 13
"e:\VS-Code\VS-Code-C-and-Cpp\ACM\1048.c", "C", 0, 0, 18, 0, 0, 18
"e:\VS-Code\VS-Code-C-and-Cpp\ACM\1049.c", "C", 0, 0, 17, 0, 0, 17
"e:\VS-Code\VS-Code-C-and-Cpp\ACM\1050.c", "C", 0, 0, 17, 0, 0, 17
"e:\VS-Code\VS-Code-C-and-Cpp\ACM\1051.c", "C", 0, 0, 17, 0, 0, 17
"e:\VS-Code\VS-Code-C-and-Cpp\ACM\1052.c", "C", 0, 0, 17, 0, 0, 17
"e:\VS-Code\VS-Code-C-and-Cpp\ACM\1053.c", "C", 0, 0, 10, 0, 0, 10
"e:\VS-Code\VS-Code-C-and-Cpp\ACM\1054.c", "C", 0, 0, 13, 0, 0, 13
"e:\VS-Code\VS-Code-C-and-Cpp\ACM\1055.c", "C", 0, 0, 12, 0, 0, 12
"e:\VS-Code\VS-Code-C-and-Cpp\ACM\1056.c", "C", 0, 0, 16, 0, 0, 16
"e:\VS-Code\VS-Code-C-and-Cpp\ACM\1057.c", "C", 0, 0, 11, 0, 0, 11
"e:\VS-Code\VS-Code-C-and-Cpp\ACM\1058.c", "C", 0, 0, 12, 0, 0, 12
"e:\VS-Code\VS-Code-C-and-Cpp\ACM\1059.c", "C", 0, 0, 14, 0, 1, 15
"e:\VS-Code\VS-Code-C-and-Cpp\ACM\1060.c", "C", 0, 0, 19, 0, 0, 19
"e:\VS-Code\VS-Code-C-and-Cpp\ACM\1061.c", "C", 0, 0, 19, 0, 0, 19
"e:\VS-Code\VS-Code-C-and-Cpp\ACM\1062.c", "C", 0, 0, 19, 0, 0, 19
"e:\VS-Code\VS-Code-C-and-Cpp\ACM\1063.c", "C", 0, 0, 18, 0, 0, 18
"e:\VS-Code\VS-Code-C-and-Cpp\ACM\1064.c", "C", 0, 0, 11, 0, 0, 11
"e:\VS-Code\VS-Code-C-and-Cpp\ACM\1065.c", "C", 0, 0, 15, 0, 0, 15
"e:\VS-Code\VS-Code-C-and-Cpp\ACM\1066.c", "C", 0, 0, 28, 0, 0, 28
"e:\VS-Code\VS-Code-C-and-Cpp\ACM\1067.c", "C", 0, 0, 21, 0, 0, 21
"e:\VS-Code\VS-Code-C-and-Cpp\ACM\1068.c", "C", 0, 0, 18, 0, 0, 18
"e:\VS-Code\VS-Code-C-and-Cpp\ACM\1069.c", "C", 0, 0, 16, 0, 0, 16
"e:\VS-Code\VS-Code-C-and-Cpp\ACM\1070.c", "C", 0, 0, 17, 0, 1, 18
"e:\VS-Code\VS-Code-C-and-Cpp\ACM\1071.c", "C", 0, 0, 18, 0, 1, 19
"e:\VS-Code\VS-Code-C-and-Cpp\ACM\1072.c", "C", 0, 0, 19, 0, 1, 20
"e:\VS-Code\VS-Code-C-and-Cpp\ACM\1073.c", "C", 0, 0, 26, 0, 0, 26
"e:\VS-Code\VS-Code-C-and-Cpp\ACM\1074.c", "C", 0, 0, 26, 0, 0, 26
"e:\VS-Code\VS-Code-C-and-Cpp\ACM\1075.c", "C", 0, 0, 41, 0, 0, 41
"e:\VS-Code\VS-Code-C-and-Cpp\ACM\1076.c", "C", 0, 0, 25, 0, 0, 25
"e:\VS-Code\VS-Code-C-and-Cpp\ACM\1077.c", "C", 0, 0, 14, 0, 0, 14
"e:\VS-Code\VS-Code-C-and-Cpp\ACM\1078.c", "C", 0, 0, 22, 0, 0, 22
"e:\VS-Code\VS-Code-C-and-Cpp\ACM\1079.c", "C", 0, 0, 27, 0, 0, 27
"e:\VS-Code\VS-Code-C-and-Cpp\ACM\1080.c", "C", 0, 0, 17, 0, 0, 17
"e:\VS-Code\VS-Code-C-and-Cpp\ACM\1081.c", "C", 0, 0, 28, 0, 1, 29
"e:\VS-Code\VS-Code-C-and-Cpp\ACM\1082.c", "C", 0, 0, 24, 0, 1, 25
"e:\VS-Code\VS-Code-C-and-Cpp\ACM\1083.c", "C", 0, 0, 36, 0, 1, 37
"e:\VS-Code\VS-Code-C-and-Cpp\ACM\1084.c", "C", 0, 0, 10, 0, 1, 11
"e:\VS-Code\VS-Code-C-and-Cpp\ACM\1085.c", "C", 0, 0, 25, 0, 0, 25
"e:\VS-Code\VS-Code-C-and-Cpp\ACM\1086.c", "C", 0, 0, 29, 0, 0, 29
"e:\VS-Code\VS-Code-C-and-Cpp\ACM\1087.c", "C", 0, 0, 24, 0, 0, 24
"e:\VS-Code\VS-Code-C-and-Cpp\ACM\1088.c", "C", 0, 0, 17, 0, 0, 17
"e:\VS-Code\VS-Code-C-and-Cpp\ACM\1089.c", "C", 0, 0, 75, 0, 0, 75
"e:\VS-Code\VS-Code-C-and-Cpp\ACM\1090.c", "C", 0, 0, 20, 0, 1, 21
"e:\VS-Code\VS-Code-C-and-Cpp\ACM\1091.c", "C", 0, 0, 21, 0, 1, 22
"e:\VS-Code\VS-Code-C-and-Cpp\ACM\1092.c", "C", 0, 0, 21, 0, 0, 21
"e:\VS-Code\VS-Code-C-and-Cpp\ACM\1093.c", "C", 0, 0, 17, 0, 0, 17
"e:\VS-Code\VS-Code-C-and-Cpp\ACM\1094.c", "C", 0, 0, 23, 0, 0, 23
"e:\VS-Code\VS-Code-C-and-Cpp\ACM\1095.c", "C", 0, 0, 25, 0, 0, 25
"e:\VS-Code\VS-Code-C-and-Cpp\ACM\1096.c", "C", 0, 0, 26, 0, 0, 26
"e:\VS-Code\VS-Code-C-and-Cpp\ACM\1097.c", "C", 0, 0, 29, 0, 0, 29
"e:\VS-Code\VS-Code-C-and-Cpp\ACM\1098.c", "C", 0, 0, 28, 0, 0, 28
"e:\VS-Code\VS-Code-C-and-Cpp\ACM\1099.c", "C", 0, 0, 24, 0, 0, 24
"e:\VS-Code\VS-Code-C-and-Cpp\ACM\1100.c", "C", 0, 0, 23, 0, 0, 23
"e:\VS-Code\VS-Code-C-and-Cpp\ACM\1101.c", "C", 0, 0, 24, 0, 0, 24
"e:\VS-Code\VS-Code-C-and-Cpp\ACM\1102.c", "C", 0, 0, 24, 0, 0, 24
"e:\VS-Code\VS-Code-C-and-Cpp\ACM\1103.c", "C", 0, 0, 39, 0, 0, 39
"e:\VS-Code\VS-Code-C-and-Cpp\ACM\1104.c", "C", 0, 0, 21, 0, 0, 21
"e:\VS-Code\VS-Code-C-and-Cpp\ACM\1105.c", "C", 0, 0, 21, 0, 0, 21
"e:\VS-Code\VS-Code-C-and-Cpp\ACM\1106.c", "C", 0, 0, 26, 0, 0, 26
"e:\VS-Code\VS-Code-C-and-Cpp\ACM\1107.c", "C", 0, 0, 21, 0, 0, 21
"e:\VS-Code\VS-Code-C-and-Cpp\ACM\1108.c", "C", 0, 0, 24, 0, 0, 24
"e:\VS-Code\VS-Code-C-and-Cpp\ACM\1109.c", "C", 0, 0, 27, 0, 0, 27
"e:\VS-Code\VS-Code-C-and-Cpp\ACM\1110.c", "C", 0, 0, 25, 0, 0, 25
"e:\VS-Code\VS-Code-C-and-Cpp\ACM\1111.c", "C", 0, 0, 24, 0, 0, 24
"e:\VS-Code\VS-Code-C-and-Cpp\ACM\1112.c", "C", 0, 0, 37, 0, 0, 37
"e:\VS-Code\VS-Code-C-and-Cpp\ACM\1113.c", "C", 0, 0, 31, 0, 0, 31
"e:\VS-Code\VS-Code-C-and-Cpp\ACM\1114.c", "C", 0, 0, 34, 0, 0, 34
"e:\VS-Code\VS-Code-C-and-Cpp\ACM\1115.c", "C", 0, 0, 32, 0, 0, 32
"e:\VS-Code\VS-Code-C-and-Cpp\ACM\1116.c", "C", 0, 0, 20, 0, 0, 20
"e:\VS-Code\VS-Code-C-and-Cpp\ACM\1117.c", "C", 0, 0, 19, 0, 0, 19
"e:\VS-Code\VS-Code-C-and-Cpp\ACM\1118.c", "C", 0, 0, 28, 0, 1, 29
"e:\VS-Code\VS-Code-C-and-Cpp\ACM\1119.c", "C", 0, 0, 39, 0, 0, 39
"e:\VS-Code\VS-Code-C-and-Cpp\ACM\1120.c", "C", 0, 0, 17, 0, 0, 17
"e:\VS-Code\VS-Code-C-and-Cpp\ACM\1121.c", "C", 0, 0, 25, 0, 0, 25
"e:\VS-Code\VS-Code-C-and-Cpp\ACM\1122.c", "C", 0, 0, 27, 0, 0, 27
"e:\VS-Code\VS-Code-C-and-Cpp\ACM\1123.c", "C", 0, 0, 37, 0, 0, 37
"e:\VS-Code\VS-Code-C-and-Cpp\ACM\1124.c", "C", 0, 0, 24, 0, 0, 24
"e:\VS-Code\VS-Code-C-and-Cpp\ACM\1125.c", "C", 0, 0, 31, 0, 0, 31
"e:\VS-Code\VS-Code-C-and-Cpp\ACM\1126.c", "C", 0, 0, 27, 0, 0, 27
"e:\VS-Code\VS-Code-C-and-Cpp\ACM\1127.c", "C", 0, 0, 19, 0, 0, 19
"e:\VS-Code\VS-Code-C-and-Cpp\ACM\1128.c", "C", 0, 0, 73, 0, 0, 73
"e:\VS-Code\VS-Code-C-and-Cpp\ACM\1129.c", "C", 0, 0, 21, 0, 0, 21
"e:\VS-Code\VS-Code-C-and-Cpp\ACM\1130.c", "C", 0, 0, 23, 0, 0, 23
"e:\VS-Code\VS-Code-C-and-Cpp\ACM\1131.c", "C", 0, 0, 23, 0, 0, 23
"e:\VS-Code\VS-Code-C-and-Cpp\ACM\1132.c", "C", 0, 0, 31, 0, 0, 31
"e:\VS-Code\VS-Code-C-and-Cpp\ACM\1133.c", "C", 0, 0, 20, 0, 0, 20
"e:\VS-Code\VS-Code-C-and-Cpp\ACM\1134.c", "C", 0, 0, 24, 0, 0, 24
"e:\VS-Code\VS-Code-C-and-Cpp\ACM\1135.c", "C", 0, 0, 33, 0, 0, 33
"e:\VS-Code\VS-Code-C-and-Cpp\ACM\1136.c", "C", 0, 0, 17, 0, 0, 17
"e:\VS-Code\VS-Code-C-and-Cpp\ACM\1137.c", "C", 0, 0, 24, 0, 0, 24
"e:\VS-Code\VS-Code-C-and-Cpp\ACM\1138.c", "C", 0, 0, 29, 0, 0, 29
"e:\VS-Code\VS-Code-C-and-Cpp\ACM\1139.c", "C", 0, 0, 9, 0, 0, 9
"e:\VS-Code\VS-Code-C-and-Cpp\ACM\1140.c", "C", 0, 0, 23, 0, 0, 23
"e:\VS-Code\VS-Code-C-and-Cpp\ACM\1141.c", "C", 0, 0, 22, 0, 1, 23
"e:\VS-Code\VS-Code-C-and-Cpp\ACM\1142.c", "C", 0, 0, 18, 0, 1, 19
"e:\VS-Code\VS-Code-C-and-Cpp\ACM\1143.c", "C", 0, 0, 30, 0, 0, 30
"e:\VS-Code\VS-Code-C-and-Cpp\ACM\1144.c", "C", 0, 0, 21, 0, 0, 21
"e:\VS-Code\VS-Code-C-and-Cpp\ACM\1145.c", "C", 0, 0, 32, 0, 0, 32
"e:\VS-Code\VS-Code-C-and-Cpp\ACM\1146.c", "C", 0, 0, 27, 0, 0, 27
"e:\VS-Code\VS-Code-C-and-Cpp\ACM\1147.c", "C", 0, 0, 23, 0, 0, 23
"e:\VS-Code\VS-Code-C-and-Cpp\ACM\1148.c", "C", 0, 0, 13, 0, 0, 13
"e:\VS-Code\VS-Code-C-and-Cpp\ACM\1149.c", "C", 0, 0, 19, 0, 0, 19
"e:\VS-Code\VS-Code-C-and-Cpp\ACM\1150.c", "C", 0, 0, 19, 0, 0, 19
"e:\VS-Code\VS-Code-C-and-Cpp\ACM\1151.c", "C", 0, 0, 25, 0, 0, 25
"e:\VS-Code\VS-Code-C-and-Cpp\ACM\1152.c", "C", 0, 0, 16, 0, 0, 16
"e:\VS-Code\VS-Code-C-and-Cpp\ACM\1153.c", "C", 0, 0, 15, 0, 0, 15
"e:\VS-Code\VS-Code-C-and-Cpp\ACM\1154.c", "C", 0, 0, 13, 0, 0, 13
"e:\VS-Code\VS-Code-C-and-Cpp\ACM\1155.c", "C", 0, 0, 25, 0, 0, 25
"e:\VS-Code\VS-Code-C-and-Cpp\ACM\1156.c", "C", 0, 0, 29, 0, 0, 29
"e:\VS-Code\VS-Code-C-and-Cpp\ACM\1157.c", "C", 0, 0, 26, 0, 0, 26
"e:\VS-Code\VS-Code-C-and-Cpp\ACM\1158.c", "C", 0, 0, 31, 0, 1, 32
"e:\VS-Code\VS-Code-C-and-Cpp\ACM\1159.c", "C", 0, 0, 21, 0, 0, 21
"e:\VS-Code\VS-Code-C-and-Cpp\ACM\1160.c", "C", 0, 0, 36, 0, 0, 36
"e:\VS-Code\VS-Code-C-and-Cpp\ACM\1161.c", "C", 0, 0, 17, 0, 0, 17
"e:\VS-Code\VS-Code-C-and-Cpp\ACM\1162.c", "C", 0, 0, 20, 0, 0, 20
"e:\VS-Code\VS-Code-C-and-Cpp\ACM\1163.c", "C", 0, 0, 27, 0, 0, 27
"e:\VS-Code\VS-Code-C-and-Cpp\ACM\1164.c", "C", 0, 0, 37, 0, 0, 37
"e:\VS-Code\VS-Code-C-and-Cpp\ACM\1165.c", "C", 0, 0, 32, 0, 0, 32
"e:\VS-Code\VS-Code-C-and-Cpp\ACM\1166.c", "C", 0, 0, 17, 0, 0, 17
"e:\VS-Code\VS-Code-C-and-Cpp\ACM\1167.c", "C", 0, 0, 29, 0, 0, 29
"e:\VS-Code\VS-Code-C-and-Cpp\ACM\1168.c", "C", 0, 0, 26, 0, 0, 26
"e:\VS-Code\VS-Code-C-and-Cpp\ACM\1169.c", "C", 0, 0, 17, 0, 0, 17
"e:\VS-Code\VS-Code-C-and-Cpp\ACM\1170.c", "C", 0, 0, 22, 0, 0, 22
"e:\VS-Code\VS-Code-C-and-Cpp\ACM\1171.c", "C", 0, 0, 30, 0, 0, 30
"e:\VS-Code\VS-Code-C-and-Cpp\ACM\1172.c", "C", 0, 0, 23, 0, 0, 23
"e:\VS-Code\VS-Code-C-and-Cpp\ACM\1173.c", "C", 0, 0, 23, 0, 0, 23
"e:\VS-Code\VS-Code-C-and-Cpp\ACM\1174.c", "C", 0, 0, 24, 0, 0, 24
"e:\VS-Code\VS-Code-C-and-Cpp\ACM\1175.c", "C", 0, 0, 18, 0, 0, 18
"e:\VS-Code\VS-Code-C-and-Cpp\ACM\1176.c", "C", 0, 0, 79, 0, 0, 79
"e:\VS-Code\VS-Code-C-and-Cpp\ACM\1177.c", "C", 0, 0, 37, 0, 0, 37
"e:\VS-Code\VS-Code-C-and-Cpp\ACM\1178.c", "C", 0, 0, 20, 0, 0, 20
"e:\VS-Code\VS-Code-C-and-Cpp\ACM\1179.c", "C", 0, 0, 30, 0, 0, 30
"e:\VS-Code\VS-Code-C-and-Cpp\ACM\1180.c", "C", 0, 0, 11, 0, 0, 11
"e:\VS-Code\VS-Code-C-and-Cpp\ACM\1181.c", "C", 0, 0, 26, 0, 0, 26
"e:\VS-Code\VS-Code-C-and-Cpp\ACM\1182.c", "C", 0, 0, 23, 0, 0, 23
"e:\VS-Code\VS-Code-C-and-Cpp\ACM\1183.c", "C", 0, 0, 10, 0, 0, 10
"e:\VS-Code\VS-Code-C-and-Cpp\ACM\1184.c", "C", 0, 0, 72, 0, 0, 72
"e:\VS-Code\VS-Code-C-and-Cpp\ACM\1185.c", "C", 0, 0, 27, 0, 0, 27
"e:\VS-Code\VS-Code-C-and-Cpp\ACM\1186.c", "C", 0, 0, 20, 0, 0, 20
"e:\VS-Code\VS-Code-C-and-Cpp\ACM\1187.c", "C", 0, 0, 18, 0, 0, 18
"e:\VS-Code\VS-Code-C-and-Cpp\ACM\1188.c", "C", 0, 0, 26, 0, 1, 27
"e:\VS-Code\VS-Code-C-and-Cpp\ACM\1189.c", "C", 0, 0, 17, 0, 0, 17
"e:\VS-Code\VS-Code-C-and-Cpp\ACM\1190.c", "C", 0, 0, 24, 0, 0, 24
"e:\VS-Code\VS-Code-C-and-Cpp\ACM\1191.c", "C", 0, 0, 21, 0, 0, 21
"e:\VS-Code\VS-Code-C-and-Cpp\ACM\1192.c", "C", 0, 0, 15, 0, 0, 15
"e:\VS-Code\VS-Code-C-and-Cpp\ACM\1193.c", "C", 0, 0, 28, 0, 0, 28
"e:\VS-Code\VS-Code-C-and-Cpp\ACM\1194.c", "C", 0, 0, 46, 0, 0, 46
"e:\VS-Code\VS-Code-C-and-Cpp\ACM\1195.c", "C", 0, 0, 44, 17, 1, 62
"e:\VS-Code\VS-Code-C-and-Cpp\ACM\1196.c", "C", 0, 0, 23, 0, 0, 23
"e:\VS-Code\VS-Code-C-and-Cpp\ACM\1197.c", "C", 0, 0, 18, 0, 0, 18
"e:\VS-Code\VS-Code-C-and-Cpp\ACM\1198.c", "C", 0, 0, 18, 0, 1, 19
"e:\VS-Code\VS-Code-C-and-Cpp\ACM\1199.c", "C", 0, 0, 20, 0, 0, 20
"e:\VS-Code\VS-Code-C-and-Cpp\ACM\1200.c", "C", 0, 0, 39, 0, 0, 39
"e:\VS-Code\VS-Code-C-and-Cpp\ACM\1201.c", "C", 0, 0, 56, 30, 0, 86
"e:\VS-Code\VS-Code-C-and-Cpp\ACM\1202.c", "C", 0, 0, 78, 0, 0, 78
"e:\VS-Code\VS-Code-C-and-Cpp\ACM\1203.c", "C", 0, 0, 25, 0, 0, 25
"e:\VS-Code\VS-Code-C-and-Cpp\ACM\1204.c", "C", 0, 0, 37, 0, 0, 37
"e:\VS-Code\VS-Code-C-and-Cpp\ACM\1205.c", "C", 0, 0, 50, 0, 0, 50
"e:\VS-Code\VS-Code-C-and-Cpp\ACM\1206.c", "C", 0, 0, 11, 0, 0, 11
"e:\VS-Code\VS-Code-C-and-Cpp\ACM\1207.c", "C", 0, 0, 12, 0, 1, 13
"e:\VS-Code\VS-Code-C-and-Cpp\ACM\1208.c", "C", 0, 0, 74, 0, 1, 75
"e:\VS-Code\VS-Code-C-and-Cpp\ACM\1209.c", "C", 0, 0, 34, 0, 0, 34
"e:\VS-Code\VS-Code-C-and-Cpp\ACM\1210.c", "C", 0, 0, 11, 0, 1, 12
"e:\VS-Code\VS-Code-C-and-Cpp\ACM\1211.c", "C", 0, 0, 34, 0, 0, 34
"e:\VS-Code\VS-Code-C-and-Cpp\ACM\1212.c", "C", 0, 0, 15, 0, 0, 15
"e:\VS-Code\VS-Code-C-and-Cpp\ACM\1213.c", "C", 0, 0, 26, 0, 1, 27
"e:\VS-Code\VS-Code-C-and-Cpp\ACM\1214.c", "C", 0, 0, 23, 0, 1, 24
"e:\VS-Code\VS-Code-C-and-Cpp\ACM\1216.c", "C", 0, 0, 25, 0, 0, 25
"e:\VS-Code\VS-Code-C-and-Cpp\ACM\1217.c", "C", 0, 0, 35, 0, 0, 35
"e:\VS-Code\VS-Code-C-and-Cpp\ACM\1218.c", "C", 0, 0, 35, 0, 1, 36
"e:\VS-Code\VS-Code-C-and-Cpp\ACM\1220.c", "C", 0, 0, 14, 0, 0, 14
"e:\VS-Code\VS-Code-C-and-Cpp\ACM\1221.c", "C", 0, 0, 11, 0, 0, 11
"e:\VS-Code\VS-Code-C-and-Cpp\ACM\1305.c", "C", 0, 0, 36, 0, 0, 36
"e:\VS-Code\VS-Code-C-and-Cpp\ACM\1306.c", "C", 0, 0, 24, 0, 0, 24
"e:\VS-Code\VS-Code-C-and-Cpp\ACM\1307.c", "C", 0, 0, 15, 0, 0, 15
"e:\VS-Code\VS-Code-C-and-Cpp\ACM\1308.c", "C", 0, 0, 22, 0, 0, 22
"e:\VS-Code\VS-Code-C-and-Cpp\ACM\1309.c", "C", 0, 0, 32, 0, 0, 32
"e:\VS-Code\VS-Code-C-and-Cpp\ACM\1310.c", "C", 0, 0, 17, 0, 0, 17
"e:\VS-Code\VS-Code-C-and-Cpp\ACM\1311.c", "C", 0, 0, 29, 0, 1, 30
"e:\VS-Code\VS-Code-C-and-Cpp\ACM\1312.c", "C", 0, 0, 24, 0, 0, 24
"e:\VS-Code\VS-Code-C-and-Cpp\ACM\1314.c", "C", 0, 0, 30, 0, 0, 30
"e:\VS-Code\VS-Code-C-and-Cpp\ACM\1315.c", "C", 0, 0, 24, 0, 0, 24
"e:\VS-Code\VS-Code-C-and-Cpp\ACM\1316.c", "C", 0, 0, 18, 0, 0, 18
"e:\VS-Code\VS-Code-C-and-Cpp\ACM\1317.c", "C", 0, 0, 21, 0, 0, 21
"e:\VS-Code\VS-Code-C-and-Cpp\ACM\1318.c", "C", 0, 0, 24, 0, 0, 24
"e:\VS-Code\VS-Code-C-and-Cpp\ACM\1319.c", "C", 0, 0, 29, 0, 0, 29
"e:\VS-Code\VS-Code-C-and-Cpp\ACM\1320.c", "C", 0, 0, 35, 0, 0, 35
"e:\VS-Code\VS-Code-C-and-Cpp\ACM\1322.c", "C", 0, 0, 29, 0, 0, 29
"e:\VS-Code\VS-Code-C-and-Cpp\ACM\1323.c", "C", 0, 0, 17, 0, 0, 17
"e:\VS-Code\VS-Code-C-and-Cpp\ACM\1324.c", "C", 0, 0, 28, 0, 0, 28
"e:\VS-Code\VS-Code-C-and-Cpp\ACM\1325.c", "C", 0, 0, 36, 0, 0, 36
"e:\VS-Code\VS-Code-C-and-Cpp\ACM\1326.c", "C", 0, 0, 29, 0, 1, 30
"e:\VS-Code\VS-Code-C-and-Cpp\ACM\1327.c", "C", 0, 0, 11, 0, 1, 12
"e:\VS-Code\VS-Code-C-and-Cpp\ACM\1328.c", "C", 0, 0, 25, 0, 0, 25
"e:\VS-Code\VS-Code-C-and-Cpp\ACM\1329.c", "C", 0, 0, 15, 0, 0, 15
"e:\VS-Code\VS-Code-C-and-Cpp\ACM\1330.c", "C", 0, 0, 15, 0, 0, 15
"e:\VS-Code\VS-Code-C-and-Cpp\ACM\1331.c", "C", 0, 0, 13, 0, 0, 13
"e:\VS-Code\VS-Code-C-and-Cpp\ACM\1333.c", "C", 0, 0, 16, 0, 0, 16
"e:\VS-Code\VS-Code-C-and-Cpp\ACM\1334.c", "C", 0, 0, 15, 0, 0, 15
"e:\VS-Code\VS-Code-C-and-Cpp\ACM\1335.c", "C", 0, 0, 11, 0, 1, 12
"e:\VS-Code\VS-Code-C-and-Cpp\ACM\1336.c", "C", 0, 0, 15, 0, 0, 15
"e:\VS-Code\VS-Code-C-and-Cpp\ACM\1337.c", "C", 0, 0, 11, 0, 0, 11
"e:\VS-Code\VS-Code-C-and-Cpp\ACM\1338.c", "C", 0, 0, 30, 0, 0, 30
"e:\VS-Code\VS-Code-C-and-Cpp\ACM\1339.c", "C", 0, 0, 14, 0, 0, 14
"e:\VS-Code\VS-Code-C-and-Cpp\ACM\1340.c", "C", 0, 0, 32, 0, 0, 32
"e:\VS-Code\VS-Code-C-and-Cpp\ACM\1341.c", "C", 0, 0, 6, 0, 1, 7
"e:\VS-Code\VS-Code-C-and-Cpp\ACM\1342.c", "C", 0, 0, 13, 0, 0, 13
"e:\VS-Code\VS-Code-C-and-Cpp\ACM\1343.c", "C", 0, 0, 15, 0, 0, 15
"e:\VS-Code\VS-Code-C-and-Cpp\ACM\1344.c", "C", 0, 0, 12, 0, 0, 12
"e:\VS-Code\VS-Code-C-and-Cpp\ACM\1345.c", "C", 0, 0, 7, 0, 0, 7
"e:\VS-Code\VS-Code-C-and-Cpp\ACM\1346.c", "C", 0, 0, 13, 0, 0, 13
"e:\VS-Code\VS-Code-C-and-Cpp\ACM\1349.c", "C", 0, 0, 32, 0, 0, 32
"e:\VS-Code\VS-Code-C-and-Cpp\ACM\1350.c", "C", 0, 0, 24, 0, 0, 24
"e:\VS-Code\VS-Code-C-and-Cpp\ACM\1351.c", "C", 0, 0, 12, 0, 0, 12
"e:\VS-Code\VS-Code-C-and-Cpp\ACM\1352.c", "C", 0, 0, 50, 0, 0, 50
"e:\VS-Code\VS-Code-C-and-Cpp\ACM\1353.c", "C", 0, 0, 28, 0, 0, 28
"e:\VS-Code\VS-Code-C-and-Cpp\ACM\1354.c", "C", 0, 0, 29, 0, 0, 29
"e:\VS-Code\VS-Code-C-and-Cpp\ACM\1355.c", "C", 0, 0, 18, 0, 0, 18
"e:\VS-Code\VS-Code-C-and-Cpp\ACM\1356.c", "C", 0, 0, 15, 0, 0, 15
"e:\VS-Code\VS-Code-C-and-Cpp\ACM\1357.c", "C", 0, 0, 20, 0, 0, 20
"e:\VS-Code\VS-Code-C-and-Cpp\ACM\1358.c", "C", 0, 0, 12, 0, 0, 12
"e:\VS-Code\VS-Code-C-and-Cpp\ACM\1494.c", "C", 0, 0, 0, 0, 1, 1
"e:\VS-Code\VS-Code-C-and-Cpp\ACM\1500.c", "C", 0, 0, 20, 0, 0, 20
"e:\VS-Code\VS-Code-C-and-Cpp\ACM\1501.c", "C", 0, 0, 53, 2, 0, 55
"e:\VS-Code\VS-Code-C-and-Cpp\ACM\1502.cpp", "C++", 87, 0, 0, 0, 0, 87
"e:\VS-Code\VS-Code-C-and-Cpp\ACM\1504.cpp", "C++", 27, 0, 0, 0, 0, 27
"e:\VS-Code\VS-Code-C-and-Cpp\ACM\1506.cpp", "C++", 35, 0, 0, 0, 0, 35
"e:\VS-Code\VS-Code-C-and-Cpp\ACM\1507.cpp", "C++", 37, 0, 0, 0, 0, 37
"e:\VS-Code\VS-Code-C-and-Cpp\ACM\Node.c", "C", 0, 0, 47, 0, 0, 47
"e:\VS-Code\VS-Code-C-and-Cpp\ACM\aaa.cpp", "C++", 0, 0, 0, 0, 1, 1
"e:\VS-Code\VS-Code-C-and-Cpp\ACM\test.c", "C", 0, 0, 111, 2, 0, 113
"e:\VS-Code\VS-Code-C-and-Cpp\ACM\test.cpp", "C++", 47, 0, 0, 0, 1, 48
"e:\VS-Code\VS-Code-C-and-Cpp\Algorithm Experiment\0&1bag.cpp", "C++", 50, 0, 0, 1, 0, 51
"e:\VS-Code\VS-Code-C-and-Cpp\Algorithm Experiment\BinarySearch.cpp", "C++", 51, 0, 0, 0, 4, 55
"e:\VS-Code\VS-Code-C-and-Cpp\Algorithm Experiment\LoadBound.cpp", "C++", 91, 0, 0, 0, 4, 95
"e:\VS-Code\VS-Code-C-and-Cpp\Algorithm Experiment\LoadGreedy.cpp", "C++", 59, 0, 0, 0, 2, 61
"e:\VS-Code\VS-Code-C-and-Cpp\Algorithm Experiment\LoadTraceBack.cpp", "C++", 58, 0, 0, 0, 0, 58
"e:\VS-Code\VS-Code-C-and-Cpp\Algorithm Experiment\LongestCommonSubsequence.cpp", "C++", 70, 0, 0, 1, 4, 75
"e:\VS-Code\VS-Code-C-and-Cpp\Algorithm Experiment\Prim.cpp", "C++", 55, 0, 0, 1, 4, 60
"e:\VS-Code\VS-Code-C-and-Cpp\Algorithm Experiment\ShortestPath.cpp", "C++", 102, 0, 0, 3, 13, 118
"e:\VS-Code\VS-Code-C-and-Cpp\Chomework\Arithmetic.c", "C", 0, 0, 44, 0, 0, 44
"e:\VS-Code\VS-Code-C-and-Cpp\Chomework\Guess game.c", "C", 0, 0, 32, 0, 0, 32
"e:\VS-Code\VS-Code-C-and-Cpp\Chomework\Sequence summation.c", "C", 0, 0, 21, 0, 0, 21
"e:\VS-Code\VS-Code-C-and-Cpp\Chomework\Student achievement management.c", "C", 0, 0, 44, 0, 0, 44
"e:\VS-Code\VS-Code-C-and-Cpp\Chomework\Triangle judgment.c", "C", 0, 0, 41, 0, 1, 42
"e:\VS-Code\VS-Code-C-and-Cpp\Chomework\addition.c", "C", 0, 0, 44, 0, 0, 44
"e:\VS-Code\VS-Code-C-and-Cpp\Chomework\count.c", "C", 0, 0, 29, 0, 1, 30
"e:\VS-Code\VS-Code-C-and-Cpp\Chomework\experment\10A.c", "C", 0, 0, 24, 0, 0, 24
"e:\VS-Code\VS-Code-C-and-Cpp\Chomework\experment\10B.c", "C", 0, 0, 23, 0, 0, 23
"e:\VS-Code\VS-Code-C-and-Cpp\Chomework\experment\10C.c", "C", 0, 0, 31, 0, 0, 31
"e:\VS-Code\VS-Code-C-and-Cpp\Chomework\experment\10D.c", "C", 0, 0, 27, 0, 0, 27
"e:\VS-Code\VS-Code-C-and-Cpp\Chomework\experment\10E.c", "C", 0, 0, 25, 0, 0, 25
"e:\VS-Code\VS-Code-C-and-Cpp\Chomework\experment\10F.c", "C", 0, 0, 17, 0, 0, 17
"e:\VS-Code\VS-Code-C-and-Cpp\Chomework\experment\11A.c", "C", 0, 0, 18, 0, 1, 19
"e:\VS-Code\VS-Code-C-and-Cpp\Chomework\experment\11B.c", "C", 0, 0, 16, 0, 0, 16
"e:\VS-Code\VS-Code-C-and-Cpp\Chomework\experment\11C.c", "C", 0, 0, 13, 0, 0, 13
"e:\VS-Code\VS-Code-C-and-Cpp\Chomework\experment\11D.c", "C", 0, 0, 9, 0, 0, 9
"e:\VS-Code\VS-Code-C-and-Cpp\Chomework\experment\11E.c", "C", 0, 0, 17, 0, 0, 17
"e:\VS-Code\VS-Code-C-and-Cpp\Chomework\experment\11F.c", "C", 0, 0, 23, 0, 0, 23
"e:\VS-Code\VS-Code-C-and-Cpp\Chomework\experment\11G.c", "C", 0, 0, 13, 0, 0, 13
"e:\VS-Code\VS-Code-C-and-Cpp\Chomework\experment\12A.c", "C", 0, 0, 20, 0, 0, 20
"e:\VS-Code\VS-Code-C-and-Cpp\Chomework\experment\12B.c", "C", 0, 0, 11, 0, 0, 11
"e:\VS-Code\VS-Code-C-and-Cpp\Chomework\experment\12C.c", "C", 0, 0, 11, 0, 0, 11
"e:\VS-Code\VS-Code-C-and-Cpp\Chomework\experment\12D.c", "C", 0, 0, 25, 0, 0, 25
"e:\VS-Code\VS-Code-C-and-Cpp\Chomework\experment\12E.c", "C", 0, 0, 23, 0, 0, 23
"e:\VS-Code\VS-Code-C-and-Cpp\Chomework\experment\12F.c", "C", 0, 0, 32, 0, 0, 32
"e:\VS-Code\VS-Code-C-and-Cpp\Chomework\experment\12G.c", "C", 0, 0, 16, 0, 0, 16
"e:\VS-Code\VS-Code-C-and-Cpp\Chomework\experment\13A.c", "C", 0, 0, 22, 0, 0, 22
"e:\VS-Code\VS-Code-C-and-Cpp\Chomework\experment\13B.c", "C", 0, 0, 24, 0, 0, 24
"e:\VS-Code\VS-Code-C-and-Cpp\Chomework\experment\13C.c", "C", 0, 0, 32, 0, 0, 32
"e:\VS-Code\VS-Code-C-and-Cpp\Chomework\experment\13D.c", "C", 0, 0, 32, 0, 0, 32
"e:\VS-Code\VS-Code-C-and-Cpp\Chomework\experment\13E.c", "C", 0, 0, 17, 0, 0, 17
"e:\VS-Code\VS-Code-C-and-Cpp\Chomework\experment\13F.c", "C", 0, 0, 29, 0, 1, 30
"e:\VS-Code\VS-Code-C-and-Cpp\Chomework\experment\13G.c", "C", 0, 0, 21, 0, 0, 21
"e:\VS-Code\VS-Code-C-and-Cpp\Chomework\experment\13H.c", "C", 0, 0, 6, 0, 0, 6
"e:\VS-Code\VS-Code-C-and-Cpp\Chomework\experment\14A.c", "C", 0, 0, 51, 0, 0, 51
"e:\VS-Code\VS-Code-C-and-Cpp\Chomework\experment\14B.c", "C", 0, 0, 59, 0, 0, 59
"e:\VS-Code\VS-Code-C-and-Cpp\Chomework\experment\15A.c", "C", 0, 0, 25, 0, 0, 25
"e:\VS-Code\VS-Code-C-and-Cpp\Chomework\experment\15B.c", "C", 0, 0, 20, 0, 0, 20
"e:\VS-Code\VS-Code-C-and-Cpp\Chomework\experment\15C.c", "C", 0, 0, 23, 0, 0, 23
"e:\VS-Code\VS-Code-C-and-Cpp\Chomework\experment\15D.c", "C", 0, 0, 31, 0, 0, 31
"e:\VS-Code\VS-Code-C-and-Cpp\Chomework\experment\15E.c", "C", 0, 0, 27, 0, 0, 27
"e:\VS-Code\VS-Code-C-and-Cpp\Chomework\experment\15F.c", "C", 0, 0, 31, 0, 0, 31
"e:\VS-Code\VS-Code-C-and-Cpp\Chomework\experment\16A.c", "C", 0, 0, 18, 0, 0, 18
"e:\VS-Code\VS-Code-C-and-Cpp\Chomework\experment\16B.c", "C", 0, 0, 29, 0, 0, 29
"e:\VS-Code\VS-Code-C-and-Cpp\Chomework\experment\16C.c", "C", 0, 0, 25, 0, 0, 25
"e:\VS-Code\VS-Code-C-and-Cpp\Chomework\experment\16D.c", "C", 0, 0, 21, 0, 0, 21
"e:\VS-Code\VS-Code-C-and-Cpp\Chomework\experment\16E.c", "C", 0, 0, 15, 0, 0, 15
"e:\VS-Code\VS-Code-C-and-Cpp\Chomework\experment\16F.c", "C", 0, 0, 19, 0, 0, 19
"e:\VS-Code\VS-Code-C-and-Cpp\Chomework\experment\16G.c", "C", 0, 0, 24, 0, 0, 24
"e:\VS-Code\VS-Code-C-and-Cpp\Chomework\experment\16H.c", "C", 0, 0, 16, 0, 1, 17
"e:\VS-Code\VS-Code-C-and-Cpp\Chomework\experment\16I.c", "C", 0, 0, 18, 0, 0, 18
"e:\VS-Code\VS-Code-C-and-Cpp\Chomework\experment\16J.c", "C", 0, 0, 18, 0, 0, 18
"e:\VS-Code\VS-Code-C-and-Cpp\Chomework\experment\16K.c", "C", 0, 0, 32, 0, 0, 32
"e:\VS-Code\VS-Code-C-and-Cpp\Chomework\experment\17A.c", "C", 0, 0, 17, 0, 0, 17
"e:\VS-Code\VS-Code-C-and-Cpp\Chomework\experment\17B.c", "C", 0, 0, 28, 0, 0, 28
"e:\VS-Code\VS-Code-C-and-Cpp\Chomework\experment\17C.c", "C", 0, 0, 18, 0, 0, 18
"e:\VS-Code\VS-Code-C-and-Cpp\Chomework\experment\17D.c", "C", 0, 0, 25, 0, 0, 25
"e:\VS-Code\VS-Code-C-and-Cpp\Chomework\experment\17E.c", "C", 0, 0, 18, 0, 0, 18
"e:\VS-Code\VS-Code-C-and-Cpp\Chomework\experment\17F.c", "C", 0, 0, 19, 0, 0, 19
"e:\VS-Code\VS-Code-C-and-Cpp\Chomework\experment\17G.c", "C", 0, 0, 14, 0, 0, 14
"e:\VS-Code\VS-Code-C-and-Cpp\Chomework\experment\17H.c", "C", 0, 0, 21, 0, 0, 21
"e:\VS-Code\VS-Code-C-and-Cpp\Chomework\experment\17I.c", "C", 0, 0, 27, 0, 0, 27
"e:\VS-Code\VS-Code-C-and-Cpp\Chomework\experment\17J.c", "C", 0, 0, 22, 0, 0, 22
"e:\VS-Code\VS-Code-C-and-Cpp\Chomework\experment\17K.c", "C", 0, 0, 12, 0, 0, 12
"e:\VS-Code\VS-Code-C-and-Cpp\Chomework\experment\17L.c", "C", 0, 0, 24, 0, 0, 24
"e:\VS-Code\VS-Code-C-and-Cpp\Chomework\experment\17M.c", "C", 0, 0, 18, 0, 0, 18
"e:\VS-Code\VS-Code-C-and-Cpp\Chomework\experment\17N.c", "C", 0, 0, 21, 0, 0, 21
"e:\VS-Code\VS-Code-C-and-Cpp\Chomework\experment\17O.c", "C", 0, 0, 12, 0, 0, 12
"e:\VS-Code\VS-Code-C-and-Cpp\Chomework\experment\17P.c", "C", 0, 0, 13, 0, 0, 13
"e:\VS-Code\VS-Code-C-and-Cpp\Chomework\experment\17Q.c", "C", 0, 0, 11, 0, 0, 11
"e:\VS-Code\VS-Code-C-and-Cpp\Chomework\experment\17R.c", "C", 0, 0, 28, 0, 0, 28
"e:\VS-Code\VS-Code-C-and-Cpp\Chomework\experment\17S.c", "C", 0, 0, 20, 0, 0, 20
"e:\VS-Code\VS-Code-C-and-Cpp\Chomework\experment\17T.c", "C", 0, 0, 35, 0, 0, 35
"e:\VS-Code\VS-Code-C-and-Cpp\Chomework\experment\17U.c", "C", 0, 0, 50, 0, 0, 50
"e:\VS-Code\VS-Code-C-and-Cpp\Chomework\experment\17V.c", "C", 0, 0, 26, 0, 1, 27
"e:\VS-Code\VS-Code-C-and-Cpp\Chomework\experment\17W.c", "C", 0, 0, 18, 0, 0, 18
"e:\VS-Code\VS-Code-C-and-Cpp\Chomework\experment\17X.c", "C", 0, 0, 29, 0, 0, 29
"e:\VS-Code\VS-Code-C-and-Cpp\Chomework\experment\17Y.c", "C", 0, 0, 27, 0, 0, 27
"e:\VS-Code\VS-Code-C-and-Cpp\Chomework\experment\17Z.c", "C", 0, 0, 23, 0, 1, 24
"e:\VS-Code\VS-Code-C-and-Cpp\Chomework\experment\8A.c", "C", 0, 0, 25, 0, 1, 26
"e:\VS-Code\VS-Code-C-and-Cpp\Chomework\experment\8B.c", "C", 0, 0, 20, 0, 0, 20
"e:\VS-Code\VS-Code-C-and-Cpp\Chomework\experment\8C.c", "C", 0, 0, 14, 0, 0, 14
"e:\VS-Code\VS-Code-C-and-Cpp\Chomework\experment\8D.c", "C", 0, 0, 27, 0, 0, 27
"e:\VS-Code\VS-Code-C-and-Cpp\Chomework\experment\8E.c", "C", 0, 0, 24, 0, 0, 24
"e:\VS-Code\VS-Code-C-and-Cpp\Chomework\experment\8F.c", "C", 0, 0, 27, 0, 0, 27
"e:\VS-Code\VS-Code-C-and-Cpp\Chomework\experment\8G.c", "C", 0, 0, 29, 0, 0, 29
"e:\VS-Code\VS-Code-C-and-Cpp\Chomework\experment\8H.c", "C", 0, 0, 13, 0, 0, 13
"e:\VS-Code\VS-Code-C-and-Cpp\Chomework\experment\8I.c", "C", 0, 0, 24, 0, 0, 24
"e:\VS-Code\VS-Code-C-and-Cpp\Chomework\experment\8J.c", "C", 0, 0, 24, 0, 0, 24
"e:\VS-Code\VS-Code-C-and-Cpp\Chomework\experment\8K.c", "C", 0, 0, 31, 0, 0, 31
"e:\VS-Code\VS-Code-C-and-Cpp\Chomework\experment\99A.c", "C", 0, 0, 19, 0, 0, 19
"e:\VS-Code\VS-Code-C-and-Cpp\Chomework\experment\99B.c", "C", 0, 0, 14, 0, 0, 14
"e:\VS-Code\VS-Code-C-and-Cpp\Chomework\experment\99C.c", "C", 0, 0, 3, 0, 1, 4
"e:\VS-Code\VS-Code-C-and-Cpp\Chomework\experment\99D.c", "C", 0, 0, 0, 0, 1, 1
"e:\VS-Code\VS-Code-C-and-Cpp\Chomework\experment\99E.c", "C", 0, 0, 30, 0, 0, 30
"e:\VS-Code\VS-Code-C-and-Cpp\Chomework\experment\99F.c", "C", 0, 0, 18, 0, 0, 18
"e:\VS-Code\VS-Code-C-and-Cpp\Chomework\experment\99G.c", "C", 0, 0, 21, 0, 0, 21
"e:\VS-Code\VS-Code-C-and-Cpp\Chomework\experment\99H.c", "C", 0, 0, 28, 0, 0, 28
"e:\VS-Code\VS-Code-C-and-Cpp\Chomework\experment\99I.c", "C", 0, 0, 0, 0, 1, 1
"e:\VS-Code\VS-Code-C-and-Cpp\Chomework\experment\99J.c", "C", 0, 0, 0, 0, 1, 1
"e:\VS-Code\VS-Code-C-and-Cpp\Chomework\experment\9A.c", "C", 0, 0, 17, 0, 2, 19
"e:\VS-Code\VS-Code-C-and-Cpp\Chomework\experment\9B.c", "C", 0, 0, 27, 0, 0, 27
"e:\VS-Code\VS-Code-C-and-Cpp\Chomework\experment\9C.c", "C", 0, 0, 28, 0, 0, 28
"e:\VS-Code\VS-Code-C-and-Cpp\Chomework\experment\9D.c", "C", 0, 0, 23, 0, 0, 23
"e:\VS-Code\VS-Code-C-and-Cpp\Chomework\experment\9E.c", "C", 0, 0, 25, 0, 0, 25
"e:\VS-Code\VS-Code-C-and-Cpp\Chomework\experment\9F.c", "C", 0, 0, 26, 0, 0, 26
"e:\VS-Code\VS-Code-C-and-Cpp\Chomework\experment\9G.c", "C", 0, 0, 21, 0, 0, 21
"e:\VS-Code\VS-Code-C-and-Cpp\Chomework\experment\9H.c", "C", 0, 0, 18, 0, 1, 19
"e:\VS-Code\VS-Code-C-and-Cpp\Chomework\experment\aaa.c", "C", 0, 0, 43, 0, 0, 43
"e:\VS-Code\VS-Code-C-and-Cpp\Chomework\experment\aaaaa.c", "C", 0, 0, 27, 0, 0, 27
"e:\VS-Code\VS-Code-C-and-Cpp\Chomework\experment\test.c", "C", 0, 0, 35, 0, 0, 35
"e:\VS-Code\VS-Code-C-and-Cpp\Chomework\hanio3.c", "C", 0, 0, 19, 0, 0, 19
"e:\VS-Code\VS-Code-C-and-Cpp\Chomework\heshu.c", "C", 0, 0, 31, 0, 0, 31
"e:\VS-Code\VS-Code-C-and-Cpp\Chomework\monitor.c", "C", 0, 0, 43, 0, 1, 44
"e:\VS-Code\VS-Code-C-and-Cpp\Chomework\print.c", "C", 0, 0, 20, 0, 0, 20
"e:\VS-Code\VS-Code-C-and-Cpp\Chomework\small to big.c", "C", 0, 0, 27, 0, 0, 27
"e:\VS-Code\VS-Code-C-and-Cpp\Chomework\test.c", "C", 0, 0, 18, 0, 0, 18
"e:\VS-Code\VS-Code-C-and-Cpp\Chomework\wanshu.c", "C", 0, 0, 22, 0, 0, 22
"e:\VS-Code\VS-Code-C-and-Cpp\Data Structure\Exprement\Adjacency list.cpp", "C++", 168, 0, 0, 1, 0, 169
"e:\VS-Code\VS-Code-C-and-Cpp\Data Structure\Exprement\Expression processing.cpp", "C++", 188, 0, 0, 0, 0, 188
"e:\VS-Code\VS-Code-C-and-Cpp\Data Structure\Exprement\Link List revese.c", "C", 0, 0, 98, 0, 1, 99
"e:\VS-Code\VS-Code-C-and-Cpp\Data Structure\Exprement\Mase.cpp", "C++", 0, 0, 0, 0, 1, 1
"e:\VS-Code\VS-Code-C-and-Cpp\Data Structure\Exprement\Quick Sort.cpp", "C++", 102, 0, 0, 0, 0, 102
"e:\VS-Code\VS-Code-C-and-Cpp\Data Structure\Exprement\test.cpp", "C++", 84, 0, 0, 2, 8, 94
"e:\VS-Code\VS-Code-C-and-Cpp\Data Structure\PTA\1-1.cpp", "C++", 39, 0, 0, 0, 0, 39
"e:\VS-Code\VS-Code-C-and-Cpp\Data Structure\PTA\1-2.cpp", "C++", 53, 0, 0, 0, 0, 53
"e:\VS-Code\VS-Code-C-and-Cpp\Data Structure\PTA\2-1.cpp", "C++", 48, 0, 0, 0, 1, 49
"e:\VS-Code\VS-Code-C-and-Cpp\Data Structure\PTA\2-2.cpp", "C++", 46, 0, 0, 0, 0, 46
"e:\VS-Code\VS-Code-C-and-Cpp\Data Structure\PTA\3-1.cpp", "C++", 12, 0, 0, 0, 0, 12
"e:\VS-Code\VS-Code-C-and-Cpp\Data Structure\PTA\3-2.cpp", "C++", 26, 0, 0, 0, 2, 28
"e:\VS-Code\VS-Code-C-and-Cpp\Data Structure\PTA\4-1.cpp", "C++", 139, 0, 0, 0, 0, 139
"e:\VS-Code\VS-Code-C-and-Cpp\Data Structure\PTA\4-2.cpp", "C++", 50, 0, 0, 1, 1, 52
"e:\VS-Code\VS-Code-C-and-Cpp\Data Structure\PTA\test.cpp", "C++", 14, 0, 0, 0, 1, 15
"e:\VS-Code\VS-Code-C-and-Cpp\LeetCode-CN\1.两数之和.cpp", "C++", 19, 0, 0, 7, 2, 28
"e:\VS-Code\VS-Code-C-and-Cpp\LeetCode-CN\10.正则表达式匹配.cpp", "C++", 13, 0, 0, 7, 2, 22
"e:\VS-Code\VS-Code-C-and-Cpp\LeetCode-CN\100.相同的树.cpp", "C++", 21, 0, 0, 7, 5, 33
"e:\VS-Code\VS-Code-C-and-Cpp\LeetCode-CN\101.对称二叉树.cpp", "C++", 29, 0, 0, 7, 5, 41
"e:\VS-Code\VS-Code-C-and-Cpp\LeetCode-CN\102.二叉树的层序遍历.cpp", "C++", 33, 0, 0, 7, 4, 44
"e:\VS-Code\VS-Code-C-and-Cpp\LeetCode-CN\1022.从根到叶的二进制数之和.cpp", "C++", 34, 0, 0, 7, 4, 45
"e:\VS-Code\VS-Code-C-and-Cpp\LeetCode-CN\1023.驼峰式匹配.cpp", "C++", 34, 0, 0, 7, 2, 43
"e:\VS-Code\VS-Code-C-and-Cpp\LeetCode-CN\103.二叉树的锯齿形层序遍历.cpp", "C++", 36, 0, 0, 7, 4, 47
"e:\VS-Code\VS-Code-C-and-Cpp\LeetCode-CN\1038.把二叉搜索树转换为累加树.cpp", "C++", 28, 0, 0, 7, 3, 38
"e:\VS-Code\VS-Code-C-and-Cpp\LeetCode-CN\104.二叉树的最大深度.cpp", "C++", 20, 0, 0, 7, 5, 32
"e:\VS-Code\VS-Code-C-and-Cpp\LeetCode-CN\105.从前序与中序遍历序列构造二叉树.cpp", "C++", 30, 0, 0, 7, 5, 42
"e:\VS-Code\VS-Code-C-and-Cpp\LeetCode-CN\106.从中序与后序遍历序列构造二叉树.cpp", "C++", 30, 0, 0, 7, 2, 39
"e:\VS-Code\VS-Code-C-and-Cpp\LeetCode-CN\107.二叉树的层序遍历-ii.cpp", "C++", 34, 0, 0, 7, 4, 45
"e:\VS-Code\VS-Code-C-and-Cpp\LeetCode-CN\108.将有序数组转换为二叉搜索树.cpp", "C++", 26, 0, 0, 7, 5, 38
"e:\VS-Code\VS-Code-C-and-Cpp\LeetCode-CN\109.有序链表转换二叉搜索树.cpp", "C++", 41, 0, 0, 7, 6, 54
"e:\VS-Code\VS-Code-C-and-Cpp\LeetCode-CN\11.盛最多水的容器.cpp", "C++", 14, 0, 0, 7, 2, 23
"e:\VS-Code\VS-Code-C-and-Cpp\LeetCode-CN\110.平衡二叉树.cpp", "C++", 34, 0, 0, 7, 2, 43
"e:\VS-Code\VS-Code-C-and-Cpp\LeetCode-CN\1103.分糖果-ii.cpp", "C++", 15, 0, 0, 7, 2, 24
"e:\VS-Code\VS-Code-C-and-Cpp\LeetCode-CN\111.二叉树的最小深度.cpp", "C++", 22, 0, 0, 7, 4, 33
"e:\VS-Code\VS-Code-C-and-Cpp\LeetCode-CN\1114.按序打印.cpp", "C++", 25, 0, 0, 10, 9, 44
"e:\VS-Code\VS-Code-C-and-Cpp\LeetCode-CN\112.路径总和.cpp", "C++", 36, 0, 0, 10, 4, 50
"e:\VS-Code\VS-Code-C-and-Cpp\LeetCode-CN\1122.数组的相对排序.cpp", "C++", 25, 0, 0, 7, 2, 34
"e:\VS-Code\VS-Code-C-and-Cpp\LeetCode-CN\113.路径总和-ii.cpp", "C++", 32, 0, 0, 7, 2, 41
"e:\VS-Code\VS-Code-C-and-Cpp\LeetCode-CN\12.整数转罗马数字.cpp", "C++", 17, 0, 0, 7, 2, 26
"e:\VS-Code\VS-Code-C-and-Cpp\LeetCode-CN\122.买卖股票的最佳时机-ii.cpp", "C++", 12, 0, 0, 7, 2, 21
"e:\VS-Code\VS-Code-C-and-Cpp\LeetCode-CN\126.单词接龙-ii.cpp", "C++", 63, 0, 0, 7, 2, 72
"e:\VS-Code\VS-Code-C-and-Cpp\LeetCode-CN\127.单词接龙.cpp", "C++", 30, 0, 0, 7, 2, 39
"e:\VS-Code\VS-Code-C-and-Cpp\LeetCode-CN\13.罗马数字转整数.cpp", "C++", 16, 0, 0, 7, 2, 25
"e:\VS-Code\VS-Code-C-and-Cpp\LeetCode-CN\130.被围绕的区域.cpp", "C++", 26, 0, 0, 7, 3, 36
"e:\VS-Code\VS-Code-C-and-Cpp\LeetCode-CN\131.分割回文串.cpp", "C++", 29, 0, 0, 7, 2, 38
"e:\VS-Code\VS-Code-C-and-Cpp\LeetCode-CN\133.克隆图.cpp", "C++", 41, 0, 0, 7, 2, 50
"e:\VS-Code\VS-Code-C-and-Cpp\LeetCode-CN\134.加油站.cpp", "C++", 17, 0, 0, 10, 2, 29
"e:\VS-Code\VS-Code-C-and-Cpp\LeetCode-CN\136.只出现一次的数字.cpp", "C++", 12, 0, 0, 7, 2, 21
"e:\VS-Code\VS-Code-C-and-Cpp\LeetCode-CN\137.只出现一次的数字-ii.cpp", "C++", 18, 0, 0, 7, 2, 27
"e:\VS-Code\VS-Code-C-and-Cpp\LeetCode-CN\14.最长公共前缀.cpp", "C++", 19, 0, 0, 7, 2, 28
"e:\VS-Code\VS-Code-C-and-Cpp\LeetCode-CN\140.单词拆分-ii.cpp", "C++", 26, 0, 0, 7, 2, 35
"e:\VS-Code\VS-Code-C-and-Cpp\LeetCode-CN\15.三数之和.cpp", "C++", 30, 0, 0, 7, 2, 39
"e:\VS-Code\VS-Code-C-and-Cpp\LeetCode-CN\153.寻找旋转排序数组中的最小值.cpp", "C++", 19, 0, 0, 7, 2, 28
"e:\VS-Code\VS-Code-C-and-Cpp\LeetCode-CN\154.寻找旋转排序数组中的最小值-ii.cpp", "C++", 20, 0, 0, 7, 2, 29
"e:\VS-Code\VS-Code-C-and-Cpp\LeetCode-CN\16.最接近的三数之和.cpp", "C++", 24, 0, 0, 7, 1, 32
"e:\VS-Code\VS-Code-C-and-Cpp\LeetCode-CN\162.寻找峰值.cpp", "C++", 16, 0, 0, 7, 2, 25
"e:\VS-Code\VS-Code-C-and-Cpp\LeetCode-CN\167.两数之和-ii-输入有序数组.cpp", "C++", 16, 0, 0, 22, 2, 40
"e:\VS-Code\VS-Code-C-and-Cpp\LeetCode-CN\169.多数元素.cpp", "C++", 18, 0, 0, 22, 3, 43
"e:\VS-Code\VS-Code-C-and-Cpp\LeetCode-CN\17.电话号码的字母组合.cpp", "C++", 23, 0, 0, 7, 3, 33
"e:\VS-Code\VS-Code-C-and-Cpp\LeetCode-CN\174.地下城游戏.cpp", "C++", 14, 0, 0, 7, 2, 23
"e:\VS-Code\VS-Code-C-and-Cpp\LeetCode-CN\18.四数之和.cpp", "C++", 34, 0, 0, 7, 2, 43
"e:\VS-Code\VS-Code-C-and-Cpp\LeetCode-CN\187.重复的dna序列.cpp", "C++", 22, 0, 0, 7, 2, 31
"e:\VS-Code\VS-Code-C-and-Cpp\LeetCode-CN\19.删除链表的倒数第-n-个结点.cpp", "C++", 28, 0, 0, 7, 2, 37
"e:\VS-Code\VS-Code-C-and-Cpp\LeetCode-CN\190.颠倒二进制位.cpp", "C++", 12, 0, 0, 7, 2, 21
"e:\VS-Code\VS-Code-C-and-Cpp\LeetCode-CN\191.位-1-的个数.cpp", "C++", 13, 0, 0, 7, 2, 22
"e:\VS-Code\VS-Code-C-and-Cpp\LeetCode-CN\199.二叉树的右视图.cpp", "C++", 32, 0, 0, 7, 2, 41
"e:\VS-Code\VS-Code-C-and-Cpp\LeetCode-CN\2.两数相加.cpp", "C++", 37, 0, 0, 6, 1, 44
"e:\VS-Code\VS-Code-C-and-Cpp\LeetCode-CN\20.有效的括号.cpp", "C++", 20, 0, 0, 7, 2, 29
"e:\VS-Code\VS-Code-C-and-Cpp\LeetCode-CN\200.岛屿数量.cpp", "C++", 32, 0, 0, 16, 2, 50
"e:\VS-Code\VS-Code-C-and-Cpp\LeetCode-CN\201.数字范围按位与.cpp", "C++", 16, 0, 0, 7, 2, 25
"e:\VS-Code\VS-Code-C-and-Cpp\LeetCode-CN\207.课程表.cpp", "C++", 29, 0, 0, 7, 2, 38
"e:\VS-Code\VS-Code-C-and-Cpp\LeetCode-CN\209.长度最小的子数组.cpp", "C++", 19, 0, 0, 7, 2, 28
"e:\VS-Code\VS-Code-C-and-Cpp\LeetCode-CN\21.合并两个有序链表.cpp", "C++", 49, 0, 0, 7, 2, 58
"e:\VS-Code\VS-Code-C-and-Cpp\LeetCode-CN\210.课程表-ii.cpp", "C++", 29, 0, 0, 7, 2, 38
"e:\VS-Code\VS-Code-C-and-Cpp\LeetCode-CN\211.添加与搜索单词-数据结构设计.cpp", "C++", 44, 0, 0, 14, 5, 63
"e:\VS-Code\VS-Code-C-and-Cpp\LeetCode-CN\212.单词搜索-ii.cpp", "C++", 55, 0, 0, 33, 2, 90
"e:\VS-Code\VS-Code-C-and-Cpp\LeetCode-CN\215.数组中的第k个最大元素.cpp", "C++", 9, 0, 0, 29, 2, 40
"e:\VS-Code\VS-Code-C-and-Cpp\LeetCode-CN\216.组合总和-iii.cpp", "C++", 20, 0, 0, 7, 2, 29
"e:\VS-Code\VS-Code-C-and-Cpp\LeetCode-CN\22.括号生成.cpp", "C++", 19, 0, 0, 7, 2, 28
"e:\VS-Code\VS-Code-C-and-Cpp\LeetCode-CN\222.完全二叉树的节点个数.cpp", "C++", 30, 0, 0, 7, 3, 40
"e:\VS-Code\VS-Code-C-and-Cpp\LeetCode-CN\23.合并k个升序链表.cpp", "C++", 43, 0, 0, 7, 4, 54
"e:\VS-Code\VS-Code-C-and-Cpp\LeetCode-CN\230.二叉搜索树中第k小的元素.cpp", "C++", 29, 0, 0, 7, 4, 40
"e:\VS-Code\VS-Code-C-and-Cpp\LeetCode-CN\231.2-的幂.cpp", "C++", 19, 0, 0, 8, 2, 29
"e:\VS-Code\VS-Code-C-and-Cpp\LeetCode-CN\24.两两交换链表中的节点.cpp", "C++", 28, 0, 0, 7, 3, 38
"e:\VS-Code\VS-Code-C-and-Cpp\LeetCode-CN\240.搜索二维矩阵-ii.cpp", "C++", 19, 0, 0, 7, 2, 28
"e:\VS-Code\VS-Code-C-and-Cpp\LeetCode-CN\241.为运算表达式设计优先级.cpp", "C++", 29, 0, 0, 7, 2, 38
"e:\VS-Code\VS-Code-C-and-Cpp\LeetCode-CN\25.k-个一组翻转链表.cpp", "C++", 48, 0, 0, 7, 3, 58
"e:\VS-Code\VS-Code-C-and-Cpp\LeetCode-CN\26.删除排序数组中的重复项.cpp", "C++", 15, 0, 0, 7, 2, 24
"e:\VS-Code\VS-Code-C-and-Cpp\LeetCode-CN\260.只出现一次的数字-iii.cpp", "C++", 20, 0, 0, 7, 2, 29
"e:\VS-Code\VS-Code-C-and-Cpp\LeetCode-CN\268.丢失的数字.cpp", "C++", 12, 0, 0, 7, 2, 21
"e:\VS-Code\VS-Code-C-and-Cpp\LeetCode-CN\27.移除元素.cpp", "C++", 17, 0, 0, 7, 2, 26
"e:\VS-Code\VS-Code-C-and-Cpp\LeetCode-CN\275.h-指数-ii.cpp", "C++", 18, 0, 0, 7, 2, 27
"e:\VS-Code\VS-Code-C-and-Cpp\LeetCode-CN\278.第一个错误的版本.cpp", "C++", 20, 0, 0, 7, 3, 30
"e:\VS-Code\VS-Code-C-and-Cpp\LeetCode-CN\279.完全平方数.cpp", "C++", 15, 0, 0, 7, 2, 24
"e:\VS-Code\VS-Code-C-and-Cpp\LeetCode-CN\28.实现-str-str.cpp", "C++", 18, 0, 0, 7, 2, 27
"e:\VS-Code\VS-Code-C-and-Cpp\LeetCode-CN\287.寻找重复数.cpp", "C++", 20, 0, 0, 19, 2, 41
"e:\VS-Code\VS-Code-C-and-Cpp\LeetCode-CN\29.两数相除.cpp", "C++", 17, 0, 0, 7, 2, 26
"e:\VS-Code\VS-Code-C-and-Cpp\LeetCode-CN\292.nim-游戏.cpp", "C++", 8, 0, 0, 7, 2, 17
"e:\VS-Code\VS-Code-C-and-Cpp\LeetCode-CN\3.无重复字符的最长子串.cpp", "C++", 23, 0, 0, 7, 2, 32
"e:\VS-Code\VS-Code-C-and-Cpp\LeetCode-CN\30.串联所有单词的子串.cpp", "C++", 29, 0, 0, 7, 2, 38
"e:\VS-Code\VS-Code-C-and-Cpp\LeetCode-CN\300.最长递增子序列.cpp", "C++", 16, 0, 0, 7, 2, 25
"e:\VS-Code\VS-Code-C-and-Cpp\LeetCode-CN\306.累加数.cpp", "C++", 39, 0, 0, 7, 2, 48
"e:\VS-Code\VS-Code-C-and-Cpp\LeetCode-CN\31.下一个排列.cpp", "C++", 20, 0, 0, 7, 3, 30
"e:\VS-Code\VS-Code-C-and-Cpp\LeetCode-CN\310.最小高度树.cpp", "C++", 35, 0, 0, 8, 2, 45
"e:\VS-Code\VS-Code-C-and-Cpp\LeetCode-CN\315.计算右侧小于当前元素的个数.cpp", "C++", 24, 0, 0, 7, 2, 33
"e:\VS-Code\VS-Code-C-and-Cpp\LeetCode-CN\316.去除重复字母.cpp", "C++", 22, 0, 0, 7, 2, 31
"e:\VS-Code\VS-Code-C-and-Cpp\LeetCode-CN\318.最大单词长度乘积.cpp", "C++", 20, 0, 0, 7, 2, 29
"e:\VS-Code\VS-Code-C-and-Cpp\LeetCode-CN\319.灯泡开关.cpp", "C++", 8, 0, 0, 7, 2, 17
"e:\VS-Code\VS-Code-C-and-Cpp\LeetCode-CN\32.最长有效括号.cpp", "C++", 23, 0, 0, 7, 2, 32
"e:\VS-Code\VS-Code-C-and-Cpp\LeetCode-CN\33.搜索旋转排序数组.cpp", "C++", 25, 0, 0, 7, 2, 34
"e:\VS-Code\VS-Code-C-and-Cpp\LeetCode-CN\338.比特位计数.cpp", "C++", 12, 0, 0, 13, 2, 27
"e:\VS-Code\VS-Code-C-and-Cpp\LeetCode-CN\34.在排序数组中查找元素的第一个和最后一个位置.cpp", "C++", 29, 0, 0, 7, 2, 38
"e:\VS-Code\VS-Code-C-and-Cpp\LeetCode-CN\342.4-的幂.cpp", "C++", 25, 0, 0, 9, 2, 36
"e:\VS-Code\VS-Code-C-and-Cpp\LeetCode-CN\349.两个数组的交集.cpp", "C++", 25, 0, 0, 15, 5, 45
"e:\VS-Code\VS-Code-C-and-Cpp\LeetCode-CN\35.搜索插入位置.cpp", "C++", 20, 0, 0, 7, 2, 29
"e:\VS-Code\VS-Code-C-and-Cpp\LeetCode-CN\350.两个数组的交集-ii.cpp", "C++", 29, 0, 0, 20, 2, 51
"e:\VS-Code\VS-Code-C-and-Cpp\LeetCode-CN\357.计算各个位数不同的数字个数.cpp", "C++", 14, 0, 0, 7, 2, 23
"e:\VS-Code\VS-Code-C-and-Cpp\LeetCode-CN\36.有效的数独.cpp", "C++", 23, 0, 0, 7, 2, 32
"e:\VS-Code\VS-Code-C-and-Cpp\LeetCode-CN\367.有效的完全平方数.cpp", "C++", 19, 0, 0, 7, 2, 28
"e:\VS-Code\VS-Code-C-and-Cpp\LeetCode-CN\37.解数独.cpp", "C++", 35, 0, 0, 7, 3, 45
"e:\VS-Code\VS-Code-C-and-Cpp\LeetCode-CN\371.两整数之和.cpp", "C++", 8, 0, 0, 8, 2, 18
"e:\VS-Code\VS-Code-C-and-Cpp\LeetCode-CN\374.猜数字大小.cpp", "C++", 20, 0, 0, 15, 2, 37
"e:\VS-Code\VS-Code-C-and-Cpp\LeetCode-CN\376.摆动序列.cpp", "C++", 15, 0, 0, 7, 2, 24
"e:\VS-Code\VS-Code-C-and-Cpp\LeetCode-CN\378.有序矩阵中第-k-小的元素.cpp", "C++", 19, 0, 0, 15, 2, 36
"e:\VS-Code\VS-Code-C-and-Cpp\LeetCode-CN\38.外观数列.cpp", "C++", 345, 0, 0, 21, 2, 368
"e:\VS-Code\VS-Code-C-and-Cpp\LeetCode-CN\389.找不同.cpp", "C++", 17, 0, 0, 22, 3, 42
"e:\VS-Code\VS-Code-C-and-Cpp\LeetCode-CN\39.组合总和.cpp", "C++", 23, 0, 0, 7, 2, 32
"e:\VS-Code\VS-Code-C-and-Cpp\LeetCode-CN\392.判断子序列.cpp", "C++", 17, 0, 0, 15, 2, 34
"e:\VS-Code\VS-Code-C-and-Cpp\LeetCode-CN\393.utf-8-编码验证.cpp", "C++", 24, 0, 0, 7, 2, 33
"e:\VS-Code\VS-Code-C-and-Cpp\LeetCode-CN\397.整数替换.cpp", "C++", 22, 0, 0, 7, 4, 33
"e:\VS-Code\VS-Code-C-and-Cpp\LeetCode-CN\4.寻找两个正序数组的中位数.cpp", "C++", 41, 0, 0, 7, 3, 51
"e:\VS-Code\VS-Code-C-and-Cpp\LeetCode-CN\40.组合总和-ii.cpp", "C++", 27, 0, 0, 7, 2, 36
"e:\VS-Code\VS-Code-C-and-Cpp\LeetCode-CN\401.二进制手表.cpp", "C++", 16, 0, 0, 7, 2, 25
"e:\VS-Code\VS-Code-C-and-Cpp\LeetCode-CN\405.数字转换为十六进制数.cpp", "C++", 14, 0, 0, 7, 2, 23
"e:\VS-Code\VS-Code-C-and-Cpp\LeetCode-CN\41.缺失的第一个正数.cpp", "C++", 14, 0, 0, 7, 2, 23
"e:\VS-Code\VS-Code-C-and-Cpp\LeetCode-CN\42.接雨水.cpp", "C++", 37, 0, 0, 7, 3, 47
"e:\VS-Code\VS-Code-C-and-Cpp\LeetCode-CN\421.数组中两个数的最大异或值.cpp", "C++", 23, 0, 0, 11, 1, 35
"e:\VS-Code\VS-Code-C-and-Cpp\LeetCode-CN\43.字符串相乘.cpp", "C++", 24, 0, 0, 7, 2, 33
"e:\VS-Code\VS-Code-C-and-Cpp\LeetCode-CN\436.寻找右区间.cpp", "C++", 20, 0, 0, 7, 2, 29
"e:\VS-Code\VS-Code-C-and-Cpp\LeetCode-CN\44.通配符匹配.cpp", "C++", 23, 0, 0, 25, 1, 49
"e:\VS-Code\VS-Code-C-and-Cpp\LeetCode-CN\441.排列硬币.cpp", "C++", 18, 0, 0, 8, 2, 28
"e:\VS-Code\VS-Code-C-and-Cpp\LeetCode-CN\45.跳跃游戏-ii.cpp", "C++", 16, 0, 0, 16, 2, 34
"e:\VS-Code\VS-Code-C-and-Cpp\LeetCode-CN\454.四数相加-ii.cpp", "C++", 21, 0, 0, 7, 2, 30
"e:\VS-Code\VS-Code-C-and-Cpp\LeetCode-CN\46.全排列.cpp", "C++", 29, 0, 0, 7, 2, 38
"e:\VS-Code\VS-Code-C-and-Cpp\LeetCode-CN\461.汉明距离.cpp", "C++", 13, 0, 0, 7, 2, 22
"e:\VS-Code\VS-Code-C-and-Cpp\LeetCode-CN\47.全排列-ii.cpp", "C++", 36, 0, 0, 7, 2, 45
"e:\VS-Code\VS-Code-C-and-Cpp\LeetCode-CN\475.供暖器.cpp", "C++", 23, 0, 0, 7, 2, 32
"e:\VS-Code\VS-Code-C-and-Cpp\LeetCode-CN\476.数字的补数.cpp", "C++", 19, 0, 0, 7, 3, 29
"e:\VS-Code\VS-Code-C-and-Cpp\LeetCode-CN\477.汉明距离总和.cpp", "C++", 16, 0, 0, 7, 2, 25
"e:\VS-Code\VS-Code-C-and-Cpp\LeetCode-CN\48.旋转图像.cpp", "C++", 13, 0, 0, 7, 2, 22
"e:\VS-Code\VS-Code-C-and-Cpp\LeetCode-CN\483.最小好进制.cpp", "C++", 23, 0, 0, 7, 2, 32
"e:\VS-Code\VS-Code-C-and-Cpp\LeetCode-CN\49.字母异位词分组.cpp", "C++", 20, 0, 0, 7, 2, 29
"e:\VS-Code\VS-Code-C-and-Cpp\LeetCode-CN\5.最长回文子串.cpp", "C++", 20, 0, 0, 7, 3, 30
"e:\VS-Code\VS-Code-C-and-Cpp\LeetCode-CN\50.pow-x-n.cpp", "C++", 20, 0, 0, 7, 2, 29
"e:\VS-Code\VS-Code-C-and-Cpp\LeetCode-CN\51.n-皇后.cpp", "C++", 61, 0, 0, 9, 2, 72
"e:\VS-Code\VS-Code-C-and-Cpp\LeetCode-CN\52.n皇后-ii.cpp", "C++", 23, 0, 0, 7, 2, 32
"e:\VS-Code\VS-Code-C-and-Cpp\LeetCode-CN\526.优美的排列.cpp", "C++", 23, 0, 0, 20, 2, 45
"e:\VS-Code\VS-Code-C-and-Cpp\LeetCode-CN\53.最大子序和.cpp", "C++", 13, 0, 0, 22, 2, 37
"e:\VS-Code\VS-Code-C-and-Cpp\LeetCode-CN\54.螺旋矩阵.cpp", "C++", 28, 0, 0, 7, 2, 37
"e:\VS-Code\VS-Code-C-and-Cpp\LeetCode-CN\55.跳跃游戏.cpp", "C++", 13, 0, 0, 26, 4, 43
"e:\VS-Code\VS-Code-C-and-Cpp\LeetCode-CN\56.合并区间.cpp", "C++", 31, 0, 0, 7, 2, 40
"e:\VS-Code\VS-Code-C-and-Cpp\LeetCode-CN\57.插入区间.cpp", "C++", 23, 0, 0, 7, 2, 32
"e:\VS-Code\VS-Code-C-and-Cpp\LeetCode-CN\58.最后一个单词的长度.cpp", "C++", 18, 0, 0, 7, 2, 27
"e:\VS-Code\VS-Code-C-and-Cpp\LeetCode-CN\59.螺旋矩阵-ii.cpp", "C++", 24, 0, 0, 7, 2, 33
"e:\VS-Code\VS-Code-C-and-Cpp\LeetCode-CN\6.z-字形变换.cpp", "C++", 19, 0, 0, 7, 3, 29
"e:\VS-Code\VS-Code-C-and-Cpp\LeetCode-CN\60.排列序列.cpp", "C++", 21, 0, 0, 7, 2, 30
"e:\VS-Code\VS-Code-C-and-Cpp\LeetCode-CN\61.旋转链表.cpp", "C++", 32, 0, 0, 7, 3, 42
"e:\VS-Code\VS-Code-C-and-Cpp\LeetCode-CN\62.不同路径.cpp", "C++", 18, 0, 0, 7, 3, 28
"e:\VS-Code\VS-Code-C-and-Cpp\LeetCode-CN\63.不同路径-ii.cpp", "C++", 25, 0, 0, 7, 2, 34
"e:\VS-Code\VS-Code-C-and-Cpp\LeetCode-CN\64.最小路径和.cpp", "C++", 18, 0, 0, 7, 2, 27
"e:\VS-Code\VS-Code-C-and-Cpp\LeetCode-CN\658.找到-k-个最接近的元素.cpp", "C++", 17, 0, 0, 16, 2, 35
"e:\VS-Code\VS-Code-C-and-Cpp\LeetCode-CN\66.加一.cpp", "C++", 18, 0, 0, 7, 2, 27
"e:\VS-Code\VS-Code-C-and-Cpp\LeetCode-CN\67.二进制求和.cpp", "C++", 17, 0, 0, 7, 2, 26
"e:\VS-Code\VS-Code-C-and-Cpp\LeetCode-CN\69.x-的平方根.cpp", "C++", 17, 0, 0, 7, 2, 26
"e:\VS-Code\VS-Code-C-and-Cpp\LeetCode-CN\691.贴纸拼词.cpp", "C++", 7, 0, 0, 7, 2, 16
"e:\VS-Code\VS-Code-C-and-Cpp\LeetCode-CN\693.交替位二进制数.cpp", "C++", 21, 0, 0, 7, 2, 30
"e:\VS-Code\VS-Code-C-and-Cpp\LeetCode-CN\7.整数反转.cpp", "C++", 14, 0, 0, 7, 3, 24
"e:\VS-Code\VS-Code-C-and-Cpp\LeetCode-CN\70.爬楼梯.cpp", "C++", 16, 0, 0, 7, 2, 25
"e:\VS-Code\VS-Code-C-and-Cpp\LeetCode-CN\71.简化路径.cpp", "C++", 20, 0, 0, 7, 2, 29
"e:\VS-Code\VS-Code-C-and-Cpp\LeetCode-CN\718.最长重复子数组.cpp", "C++", 16, 0, 0, 7, 2, 25
"e:\VS-Code\VS-Code-C-and-Cpp\LeetCode-CN\73.矩阵置零.cpp", "C++", 39, 0, 0, 7, 2, 48
"e:\VS-Code\VS-Code-C-and-Cpp\LeetCode-CN\74.搜索二维矩阵.cpp", "C++", 19, 0, 0, 29, 2, 50
"e:\VS-Code\VS-Code-C-and-Cpp\LeetCode-CN\75.颜色分类.cpp", "C++", 15, 0, 0, 7, 2, 24
"e:\VS-Code\VS-Code-C-and-Cpp\LeetCode-CN\752.打开转盘锁.cpp", "C++", 49, 0, 0, 7, 2, 58
"e:\VS-Code\VS-Code-C-and-Cpp\LeetCode-CN\77.组合.cpp", "C++", 22, 0, 0, 7, 2, 31
"e:\VS-Code\VS-Code-C-and-Cpp\LeetCode-CN\78.子集.cpp", "C++", 20, 0, 0, 7, 2, 29
"e:\VS-Code\VS-Code-C-and-Cpp\LeetCode-CN\79.单词搜索.cpp", "C++", 26, 0, 0, 7, 2, 35
"e:\VS-Code\VS-Code-C-and-Cpp\LeetCode-CN\793.阶乘函数后-k-个零.cpp", "C++", 29, 0, 0, 10, 3, 42
"e:\VS-Code\VS-Code-C-and-Cpp\LeetCode-CN\8.字符串转换整数-atoi.cpp", "C++", 21, 0, 0, 7, 3, 31
"e:\VS-Code\VS-Code-C-and-Cpp\LeetCode-CN\80.删除有序数组中的重复项-ii.cpp", "C++", 14, 0, 0, 7, 2, 23
"e:\VS-Code\VS-Code-C-and-Cpp\LeetCode-CN\809.情感丰富的文字.cpp", "C++", 32, 0, 0, 7, 2, 41
"e:\VS-Code\VS-Code-C-and-Cpp\LeetCode-CN\81.搜索旋转排序数组-ii.cpp", "C++", 27, 0, 0, 11, 2, 40
"e:\VS-Code\VS-Code-C-and-Cpp\LeetCode-CN\82.删除排序链表中的重复元素-ii.cpp", "C++", 26, 0, 0, 7, 2, 35
"e:\VS-Code\VS-Code-C-and-Cpp\LeetCode-CN\83.删除排序链表中的重复元素.cpp", "C++", 26, 0, 0, 7, 2, 35
"e:\VS-Code\VS-Code-C-and-Cpp\LeetCode-CN\86.分隔链表.cpp", "C++", 35, 0, 0, 7, 2, 44
"e:\VS-Code\VS-Code-C-and-Cpp\LeetCode-CN\872.叶子相似的树.cpp", "C++", 32, 0, 0, 7, 4, 43
"e:\VS-Code\VS-Code-C-and-Cpp\LeetCode-CN\88.合并两个有序数组.cpp", "C++", 11, 0, 0, 7, 2, 20
"e:\VS-Code\VS-Code-C-and-Cpp\LeetCode-CN\89.格雷编码.cpp", "C++", 13, 0, 0, 7, 2, 22
"e:\VS-Code\VS-Code-C-and-Cpp\LeetCode-CN\892.三维形体的表面积.cpp", "C++", 18, 0, 0, 7, 2, 27
"e:\VS-Code\VS-Code-C-and-Cpp\LeetCode-CN\894.所有可能的满二叉树.cpp", "C++", 38, 0, 0, 7, 3, 48
"e:\VS-Code\VS-Code-C-and-Cpp\LeetCode-CN\9.回文数.cpp", "C++", 14, 0, 0, 7, 3, 24
"e:\VS-Code\VS-Code-C-and-Cpp\LeetCode-CN\90.子集-ii.cpp", "C++", 23, 0, 0, 7, 2, 32
"e:\VS-Code\VS-Code-C-and-Cpp\LeetCode-CN\907.子数组的最小值之和.cpp", "C++", 18, 0, 0, 7, 2, 27
"e:\VS-Code\VS-Code-C-and-Cpp\LeetCode-CN\91.解码方法.cpp", "C++", 17, 0, 0, 7, 2, 26
"e:\VS-Code\VS-Code-C-and-Cpp\LeetCode-CN\910.最小差值-ii.cpp", "C++", 16, 0, 0, 7, 2, 25
"e:\VS-Code\VS-Code-C-and-Cpp\LeetCode-CN\912.排序数组.cpp", "C++", 70, 0, 0, 9, 7, 86
"e:\VS-Code\VS-Code-C-and-Cpp\LeetCode-CN\914.卡牌分组.cpp", "C++", 31, 0, 0, 7, 2, 40
"e:\VS-Code\VS-Code-C-and-Cpp\LeetCode-CN\923.三数之和的多种可能.cpp", "C++", 28, 0, 0, 8, 3, 39
"e:\VS-Code\VS-Code-C-and-Cpp\LeetCode-CN\93.复原-ip-地址.cpp", "C++", 28, 0, 0, 7, 2, 37
"e:\VS-Code\VS-Code-C-and-Cpp\LeetCode-CN\94.二叉树的中序遍历.cpp", "C++", 34, 0, 0, 7, 3, 44
"e:\VS-Code\VS-Code-C-and-Cpp\LeetCode-CN\95.不同的二叉搜索树-ii.cpp", "C++", 40, 0, 0, 7, 5, 52
"e:\VS-Code\VS-Code-C-and-Cpp\LeetCode-CN\96.不同的二叉搜索树.cpp", "C++", 16, 0, 0, 7, 3, 26
"e:\VS-Code\VS-Code-C-and-Cpp\LeetCode-CN\98.验证二叉搜索树.cpp", "C++", 24, 0, 0, 7, 5, 36
"e:\VS-Code\VS-Code-C-and-Cpp\LeetCode-CN\99.恢复二叉搜索树.cpp", "C++", 32, 0, 0, 7, 5, 44
"e:\VS-Code\VS-Code-C-and-Cpp\LeetCode-EN\114.flatten-binary-tree-to-linked-list.cpp", "C++", 27, 0, 0, 7, 2, 36
"e:\VS-Code\VS-Code-C-and-Cpp\LeetCode-EN\116.populating-next-right-pointers-in-each-node.cpp", "C++", 26, 0, 0, 7, 5, 38
"e:\VS-Code\VS-Code-C-and-Cpp\LeetCode-EN\117.populating-next-right-pointers-in-each-node-ii.cpp", "C++", 38, 0, 0, 7, 5, 50
"e:\VS-Code\VS-Code-C-and-Cpp\LeetCode-EN\118.pascals-triangle.cpp", "C++", 24, 0, 0, 7, 2, 33
"e:\VS-Code\VS-Code-C-and-Cpp\LeetCode-EN\119.pascals-triangle-ii.cpp", "C++", 15, 0, 0, 7, 2, 24
"e:\VS-Code\VS-Code-C-and-Cpp\LeetCode-EN\120.triangle.cpp", "C++", 19, 0, 0, 14, 2, 35
"e:\VS-Code\VS-Code-C-and-Cpp\LeetCode-EN\121.best-time-to-buy-and-sell-stock.cpp", "C++", 13, 0, 0, 7, 2, 22
"e:\VS-Code\VS-Code-C-and-Cpp\LeetCode-EN\124.binary-tree-maximum-path-sum.cpp", "C++", 28, 0, 0, 7, 2, 37
"e:\VS-Code\VS-Code-C-and-Cpp\LeetCode-EN\125.valid-palindrome.cpp", "C++", 27, 0, 0, 7, 2, 36
"e:\VS-Code\VS-Code-C-and-Cpp\LeetCode-EN\128.longest-consecutive-sequence.cpp", "C++", 20, 0, 0, 7, 2, 29
"e:\VS-Code\VS-Code-C-and-Cpp\LeetCode-EN\129.sum-root-to-leaf-numbers.cpp", "C++", 34, 0, 0, 7, 2, 43
"e:\VS-Code\VS-Code-C-and-Cpp\LeetCode-EN\138.copy-list-with-random-pointer.cpp", "C++", 29, 0, 0, 7, 3, 39
"e:\VS-Code\VS-Code-C-and-Cpp\LeetCode-EN\139.word-break.cpp", "C++", 19, 0, 0, 7, 2, 28
"e:\VS-Code\VS-Code-C-and-Cpp\LeetCode-EN\141.linked-list-cycle.cpp", "C++", 20, 0, 0, 7, 2, 29
"e:\VS-Code\VS-Code-C-and-Cpp\LeetCode-EN\142.linked-list-cycle-ii.cpp", "C++", 26, 0, 0, 7, 2, 35
"e:\VS-Code\VS-Code-C-and-Cpp\LeetCode-EN\143.reorder-list.cpp", "C++", 35, 0, 0, 7, 3, 45
"e:\VS-Code\VS-Code-C-and-Cpp\LeetCode-EN\144.binary-tree-preorder-traversal.cpp", "C++", 29, 0, 0, 7, 3, 39
"e:\VS-Code\VS-Code-C-and-Cpp\LeetCode-EN\145.binary-tree-postorder-traversal.cpp", "C++", 29, 0, 0, 7, 2, 38
"e:\VS-Code\VS-Code-C-and-Cpp\LeetCode-EN\146.lru-cache.cpp", "C++", 29, 0, 0, 13, 6, 48
"e:\VS-Code\VS-Code-C-and-Cpp\LeetCode-EN\147.insertion-sort-list.cpp", "C++", 29, 0, 0, 7, 2, 38
"e:\VS-Code\VS-Code-C-and-Cpp\LeetCode-EN\148.sort-list.cpp", "C++", 43, 0, 0, 7, 2, 52
"e:\VS-Code\VS-Code-C-and-Cpp\LeetCode-EN\151.reverse-words-in-a-string.cpp", "C++", 23, 0, 0, 7, 2, 32
"e:\VS-Code\VS-Code-C-and-Cpp\LeetCode-EN\155.min-stack.cpp", "C++", 25, 0, 0, 16, 8, 49
"e:\VS-Code\VS-Code-C-and-Cpp\LeetCode-EN\160.intersection-of-two-linked-lists.cpp", "C++", 20, 0, 0, 7, 2, 29
"e:\VS-Code\VS-Code-C-and-Cpp\LeetCode-EN\165.compare-version-numbers.cpp", "C++", 20, 0, 0, 7, 2, 29
"e:\VS-Code\VS-Code-C-and-Cpp\LeetCode-EN\92.reverse-linked-list-ii.cpp", "C++", 30, 0, 0, 7, 2, 39
"e:\VS-Code\VS-Code-C-and-Cpp\Mooc\3-2.cpp", "C++", 22, 0, 0, 0, 1, 23
"e:\VS-Code\VS-Code-C-and-Cpp\Mooc\4-1.cpp", "C++", 32, 0, 0, 0, 1, 33
"e:\VS-Code\VS-Code-C-and-Cpp\Mooc\4-2.cpp", "C++", 38, 0, 0, 0, 0, 38
"e:\VS-Code\VS-Code-C-and-Cpp\Mooc\5-1.cpp", "C++", 15, 0, 0, 0, 0, 15
"e:\VS-Code\VS-Code-C-and-Cpp\Mooc\5-2.cpp", "C++", 20, 0, 0, 0, 0, 20
"e:\VS-Code\VS-Code-C-and-Cpp\Mooc\6-1.cpp", "C++", 22, 0, 0, 0, 0, 22
"e:\VS-Code\VS-Code-C-and-Cpp\PTA\a.cpp", "C++", 38, 0, 0, 3, 5, 46
"e:\VS-Code\VS-Code-C-and-Cpp\PTA\pta1-1.cpp", "C++", 77, 0, 0, 0, 0, 77
"e:\VS-Code\VS-Code-C-and-Cpp\PTA\pta1-2.cpp", "C++", 10, 0, 0, 0, 0, 10
"e:\VS-Code\VS-Code-C-and-Cpp\PTA\pta1-3.cpp", "C++", 12, 0, 0, 0, 1, 13
"e:\VS-Code\VS-Code-C-and-Cpp\PTA\pta1-4.cpp", "C++", 14, 0, 0, 0, 0, 14
"e:\VS-Code\VS-Code-C-and-Cpp\PTA\pta1-5.cpp", "C++", 24, 0, 0, 0, 0, 24
"e:\VS-Code\VS-Code-C-and-Cpp\PTA\pta1-6.cpp", "C++", 23, 0, 0, 0, 0, 23
"e:\VS-Code\VS-Code-C-and-Cpp\PTA\pta10-1.cpp", "C++", 44, 0, 0, 0, 1, 45
"e:\VS-Code\VS-Code-C-and-Cpp\PTA\pta10-2.cpp", "C++", 45, 0, 0, 3, 0, 48
"e:\VS-Code\VS-Code-C-and-Cpp\PTA\pta10-3.cpp", "C++", 61, 0, 0, 0, 1, 62
"e:\VS-Code\VS-Code-C-and-Cpp\PTA\pta10-4.cpp", "C++", 39, 0, 0, 0, 1, 40
"e:\VS-Code\VS-Code-C-and-Cpp\PTA\pta11-1.cpp", "C++", 32, 0, 0, 0, 0, 32
"e:\VS-Code\VS-Code-C-and-Cpp\PTA\pta11-2.cpp", "C++", 20, 0, 0, 0, 0, 20
"e:\VS-Code\VS-Code-C-and-Cpp\PTA\pta11-3.cpp", "C++", 22, 0, 0, 0, 0, 22
"e:\VS-Code\VS-Code-C-and-Cpp\PTA\pta12-1.cpp", "C++", 62, 0, 0, 0, 3, 65
"e:\VS-Code\VS-Code-C-and-Cpp\PTA\pta2-1.cpp", "C++", 127, 0, 0, 1, 13, 141
"e:\VS-Code\VS-Code-C-and-Cpp\PTA\pta2-2.cpp", "C++", 27, 0, 0, 0, 0, 27
"e:\VS-Code\VS-Code-C-and-Cpp\PTA\pta2-3.cpp", "C++", 21, 0, 0, 0, 0, 21
"e:\VS-Code\VS-Code-C-and-Cpp\PTA\pta2-4.cpp", "C++", 25, 0, 0, 0, 0, 25
"e:\VS-Code\VS-Code-C-and-Cpp\PTA\pta2-5.cpp", "C++", 29, 0, 0, 0, 0, 29
"e:\VS-Code\VS-Code-C-and-Cpp\PTA\pta3-1.cpp", "C++", 26, 0, 0, 0, 1, 27
"e:\VS-Code\VS-Code-C-and-Cpp\PTA\pta3-2.cpp", "C++", 16, 0, 0, 0, 1, 17
"e:\VS-Code\VS-Code-C-and-Cpp\PTA\pta3-3.cpp", "C++", 27, 0, 0, 0, 0, 27
"e:\VS-Code\VS-Code-C-and-Cpp\PTA\pta3-4.cpp", "C++", 14, 0, 0, 0, 5, 19
"e:\VS-Code\VS-Code-C-and-Cpp\PTA\pta4-1.cpp", "C++", 39, 0, 0, 0, 0, 39
"e:\VS-Code\VS-Code-C-and-Cpp\PTA\pta4-2.cpp", "C++", 20, 0, 0, 0, 3, 23
"e:\VS-Code\VS-Code-C-and-Cpp\PTA\pta4-3.cpp", "C++", 36, 0, 0, 0, 1, 37
"e:\VS-Code\VS-Code-C-and-Cpp\PTA\pta4-4.cpp", "C++", 40, 0, 0, 0, 0, 40
"e:\VS-Code\VS-Code-C-and-Cpp\PTA\pta4-5.cpp", "C++", 44, 0, 0, 0, 1, 45
"e:\VS-Code\VS-Code-C-and-Cpp\PTA\pta4-6.cpp", "C++", 29, 0, 0, 1, 0, 30
"e:\VS-Code\VS-Code-C-and-Cpp\PTA\pta4-7.cpp", "C++", 29, 0, 0, 0, 0, 29
"e:\VS-Code\VS-Code-C-and-Cpp\PTA\pta5-1.cpp", "C++", 23, 0, 0, 0, 0, 23
"e:\VS-Code\VS-Code-C-and-Cpp\PTA\pta5-10.cpp", "C++", 28, 0, 0, 1, 1, 30
"e:\VS-Code\VS-Code-C-and-Cpp\PTA\pta5-11.cpp", "C++", 118, 0, 0, 0, 2, 120
"e:\VS-Code\VS-Code-C-and-Cpp\PTA\pta5-2.cpp", "C++", 23, 0, 0, 2, 0, 25
"e:\VS-Code\VS-Code-C-and-Cpp\PTA\pta5-3.cpp", "C++", 21, 0, 0, 0, 1, 22
"e:\VS-Code\VS-Code-C-and-Cpp\PTA\pta5-4.cpp", "C++", 28, 0, 0, 5, 0, 33
"e:\VS-Code\VS-Code-C-and-Cpp\PTA\pta5-5.cpp", "C++", 25, 0, 0, 1, 0, 26
"e:\VS-Code\VS-Code-C-and-Cpp\PTA\pta5-6.cpp", "C++", 34, 0, 0, 6, 2, 42
"e:\VS-Code\VS-Code-C-and-Cpp\PTA\pta5-7.cpp", "C++", 0, 0, 0, 0, 1, 1
"e:\VS-Code\VS-Code-C-and-Cpp\PTA\pta5-8.cpp", "C++", 34, 0, 0, 0, 0, 34
"e:\VS-Code\VS-Code-C-and-Cpp\PTA\pta5-9.cpp", "C++", 41, 0, 0, 0, 0, 41
"e:\VS-Code\VS-Code-C-and-Cpp\PTA\pta6-1.cpp", "C++", 43, 0, 0, 0, 2, 45
"e:\VS-Code\VS-Code-C-and-Cpp\PTA\pta6-2.cpp", "C++", 46, 0, 0, 0, 0, 46
"e:\VS-Code\VS-Code-C-and-Cpp\PTA\pta6-3.cpp", "C++", 41, 0, 0, 0, 2, 43
"e:\VS-Code\VS-Code-C-and-Cpp\PTA\pta6-4.cpp", "C++", 51, 0, 0, 0, 0, 51
"e:\VS-Code\VS-Code-C-and-Cpp\PTA\pta6-5.cpp", "C++", 26, 0, 0, 0, 0, 26
"e:\VS-Code\VS-Code-C-and-Cpp\PTA\pta6-6.cpp", "C++", 34, 0, 0, 0, 0, 34
"e:\VS-Code\VS-Code-C-and-Cpp\PTA\pta6-7.cpp", "C++", 46, 0, 0, 1, 0, 47
"e:\VS-Code\VS-Code-C-and-Cpp\PTA\pta7-1.cpp", "C++", 40, 0, 0, 0, 0, 40
"e:\VS-Code\VS-Code-C-and-Cpp\PTA\pta7-2.cpp", "C++", 58, 0, 0, 0, 0, 58
"e:\VS-Code\VS-Code-C-and-Cpp\PTA\pta7-3.cpp", "C++", 39, 0, 0, 0, 0, 39
"e:\VS-Code\VS-Code-C-and-Cpp\PTA\pta7-4.cpp", "C++", 33, 0, 0, 0, 0, 33
"e:\VS-Code\VS-Code-C-and-Cpp\PTA\pta7-5.cpp", "C++", 42, 0, 0, 3, 0, 45
"e:\VS-Code\VS-Code-C-and-Cpp\PTA\pta7-6.cpp", "C++", 47, 0, 0, 1, 0, 48
"e:\VS-Code\VS-Code-C-and-Cpp\PTA\pta7-7.cpp", "C++", 84, 0, 0, 0, 0, 84
"e:\VS-Code\VS-Code-C-and-Cpp\PTA\pta8-1.cpp", "C++", 16, 0, 0, 0, 0, 16
"e:\VS-Code\VS-Code-C-and-Cpp\PTA\pta8-2.cpp", "C++", 28, 0, 0, 0, 1, 29
"e:\VS-Code\VS-Code-C-and-Cpp\PTA\pta8-3.cpp", "C++", 60, 0, 0, 0, 1, 61
"e:\VS-Code\VS-Code-C-and-Cpp\PTA\pta8-4.cpp", "C++", 41, 0, 0, 0, 0, 41
"e:\VS-Code\VS-Code-C-and-Cpp\PTA\pta8-5.cpp", "C++", 109, 0, 0, 0, 0, 109
"e:\VS-Code\VS-Code-C-and-Cpp\PTA\pta8-6.cpp", "C++", 25, 0, 0, 0, 0, 25
"e:\VS-Code\VS-Code-C-and-Cpp\PTA\pta8-7.cpp", "C++", 72, 0, 0, 0, 0, 72
"e:\VS-Code\VS-Code-C-and-Cpp\PTA\pta9-1.cpp", "C++", 30, 0, 0, 0, 1, 31
"e:\VS-Code\VS-Code-C-and-Cpp\PTA\pta9-2.cpp", "C++", 31, 0, 0, 0, 2, 33
"e:\VS-Code\VS-Code-C-and-Cpp\PTA\pta9-3.cpp", "C++", 66, 0, 0, 0, 4, 70
"e:\VS-Code\VS-Code-C-and-Cpp\PTA\pta9-4.cpp", "C++", 37, 0, 0, 0, 0, 37
"e:\VS-Code\VS-Code-C-and-Cpp\PTA\pta9-5.cpp", "C++", 55, 0, 0, 0, 5, 60
"e:\VS-Code\VS-Code-C-and-Cpp\clear.bat", "Batch", 0, 4, 0, 0, 0, 4
"e:\VS-Code\VS-Code-C-and-Cpp\luogu\P1000.cpp", "C++", 27, 0, 0, 0, 0, 27
"e:\VS-Code\VS-Code-C-and-Cpp\luogu\P1001.cpp", "C++", 8, 0, 0, 0, 0, 8
"e:\VS-Code\VS-Code-C-and-Cpp\luogu\P1002.cpp", "C++", 33, 0, 0, 0, 0, 33
"e:\VS-Code\VS-Code-C-and-Cpp\luogu\P1003.cpp", "C++", 21, 0, 0, 0, 0, 21
"e:\VS-Code\VS-Code-C-and-Cpp\luogu\P1004.cpp", "C++", 25, 0, 0, 0, 0, 25
"e:\VS-Code\VS-Code-C-and-Cpp\luogu\P1005.cpp", "C++", 89, 0, 0, 0, 0, 89
"e:\VS-Code\VS-Code-C-and-Cpp\luogu\P1006.cpp", "C++", 24, 0, 0, 0, 0, 24
"e:\VS-Code\VS-Code-C-and-Cpp\luogu\P1007.cpp", "C++", 12, 0, 0, 0, 0, 12
"e:\VS-Code\VS-Code-C-and-Cpp\luogu\P1008.cpp", "C++", 11, 0, 0, 0, 0, 11
"e:\VS-Code\VS-Code-C-and-Cpp\luogu\P1009.cpp", "C++", 32, 0, 0, 0, 0, 32
"e:\VS-Code\VS-Code-C-and-Cpp\luogu\P1010.cpp", "C++", 45, 0, 0, 0, 0, 45
"e:\VS-Code\VS-Code-C-and-Cpp\luogu\P1011.cpp", "C++", 18, 0, 0, 0, 0, 18
"e:\VS-Code\VS-Code-C-and-Cpp\luogu\P1012.cpp", "C++", 19, 0, 0, 0, 0, 19
"e:\VS-Code\VS-Code-C-and-Cpp\luogu\P1013.cpp", "C++", 15, 0, 0, 0, 0, 15
"e:\VS-Code\VS-Code-C-and-Cpp\luogu\P1015.cpp", "C++", 45, 0, 0, 0, 0, 45
"e:\VS-Code\VS-Code-C-and-Cpp\luogu\P1016.cpp", "C++", 39, 0, 0, 0, 0, 39
"e:\VS-Code\VS-Code-C-and-Cpp\luogu\P1017.cpp", "C++", 25, 0, 0, 0, 0, 25
"e:\VS-Code\VS-Code-C-and-Cpp\luogu\P1018.cpp", "C++", 26, 0, 0, 35, 0, 61
"e:\VS-Code\VS-Code-C-and-Cpp\luogu\P1020.cpp", "C++", 28, 0, 0, 6, 1, 35
"e:\VS-Code\VS-Code-C-and-Cpp\luogu\P1021.cpp", "C++", 21, 0, 0, 0, 0, 21
"e:\VS-Code\VS-Code-C-and-Cpp\luogu\P1022.cpp", "C++", 46, 0, 0, 0, 0, 46
"e:\VS-Code\VS-Code-C-and-Cpp\luogu\P1025.cpp", "C++", 18, 0, 0, 6, 0, 24
"e:\VS-Code\VS-Code-C-and-Cpp\luogu\P1028.cpp", "C++", 22, 0, 0, 6, 2, 30
"e:\VS-Code\VS-Code-C-and-Cpp\luogu\P1029.cpp", "C++", 24, 0, 0, 25, 0, 49
"e:\VS-Code\VS-Code-C-and-Cpp\luogu\P1030.cpp", "C++", 18, 0, 0, 6, 0, 24
"e:\VS-Code\VS-Code-C-and-Cpp\luogu\P1031.cpp", "C++", 13, 0, 0, 6, 1, 20
"e:\VS-Code\VS-Code-C-and-Cpp\luogu\P1035.cpp", "C++", 11, 0, 0, 0, 1, 12
"e:\VS-Code\VS-Code-C-and-Cpp\luogu\P1036.cpp", "C++", 26, 0, 0, 6, 4, 36
"e:\VS-Code\VS-Code-C-and-Cpp\luogu\P1042.cpp", "C++", 28, 0, 0, 6, 2, 36
"e:\VS-Code\VS-Code-C-and-Cpp\luogu\P1044.cpp", "C++", 20, 0, 0, 6, 2, 28
"e:\VS-Code\VS-Code-C-and-Cpp\luogu\P1046.cpp", "C++", 15, 0, 0, 6, 2, 23
"e:\VS-Code\VS-Code-C-and-Cpp\luogu\P1048.cpp", "C++", 20, 0, 0, 16, 3, 39
"e:\VS-Code\VS-Code-C-and-Cpp\luogu\P1049.cpp", "C++", 17, 0, 0, 6, 1, 24
"e:\VS-Code\VS-Code-C-and-Cpp\luogu\P1051.cpp", "C++", 37, 0, 0, 6, 8, 51
"e:\VS-Code\VS-Code-C-and-Cpp\luogu\P1055.cpp", "C++", 20, 0, 0, 6, 1, 27
"e:\VS-Code\VS-Code-C-and-Cpp\luogu\P1060.cpp", "C++", 18, 0, 0, 6, 3, 27
"e:\VS-Code\VS-Code-C-and-Cpp\luogu\P1062.cpp", "C++", 17, 0, 0, 6, 1, 24
"e:\VS-Code\VS-Code-C-and-Cpp\luogu\P1067.cpp", "C++", 17, 0, 0, 6, 0, 23
"e:\VS-Code\VS-Code-C-and-Cpp\luogu\P1068.cpp", "C++", 22, 0, 0, 6, 1, 29
"e:\VS-Code\VS-Code-C-and-Cpp\luogu\P1071.cpp", "C++", 31, 0, 0, 6, 0, 37
"e:\VS-Code\VS-Code-C-and-Cpp\luogu\P1079.cpp", "C++", 12, 0, 0, 7, 0, 19
"e:\VS-Code\VS-Code-C-and-Cpp\luogu\P1086.cpp", "C++", 36, 0, 0, 7, 0, 43
"e:\VS-Code\VS-Code-C-and-Cpp\luogu\P1087.cpp", "C++", 29, 0, 0, 6, 1, 36
"e:\VS-Code\VS-Code-C-and-Cpp\luogu\P1093.cpp", "C++", 28, 0, 0, 6, 0, 34
"e:\VS-Code\VS-Code-C-and-Cpp\luogu\P1094.cpp", "C++", 19, 0, 0, 6, 0, 25
"e:\VS-Code\VS-Code-C-and-Cpp\luogu\P1097.cpp", "C++", 16, 0, 0, 6, 0, 22
"Total", "-", 11442, 4, 9089, 2223, 777, 23535